model_variable,variable_label,value,value_low,value_high,value_text,units,year,country_region,citation_apa,source_file,page,quote,type,notes
gamma,ULAB collection / recycling rate,0.95,,,~95,fraction,2003–2005,USA,"Dalberg Advisors, & U.S. Agency for International Development. (2024). Used lead-acid battery (ULAB) recycling assessment report: Powering a lead-safe future. USAID.",0bedbe5d5c419cb5889dead37b4cda70.pdf,p.3,recycling rate for the years 2017-2021 to be 101.0% with a standard deviation of +/-0.3%,Measured/Reported,"also: Manhart, A | γ_US anchor; well above global average"
gamma,ULAB recycling rate (EU),0.95,,,~95,fraction,2023,EU,"Dalberg Advisors, & U.S. Agency for International Development. (2024). Used lead-acid battery (ULAB) recycling assessment report: Powering a lead-safe future. USAID.",0bedbe5d5c419cb5889dead37b4cda70.pdf,p.2,"In the EU market, 99% of used lead acid batteries are collected and recycled",Reported,"also: Pincay-Pilay, D | γ_EU anchor; consistent across sources"
gamma,"ULAB collection rate (Brazil, São Paulo)",1.04,,,~104,fraction,2019,Brazil,"Scur, G., et al. (2022). Lead-acid batteries closed-loop supply chain: The Brazilian case. Batteries, 8(9), 139. https://doi.org/10.3390/batteries8090139",batteries-08-00139.pdf,p.4,About 95% of LABs are collected and recycled in a closed-loop system,Reported,Exceeds 100% due to cross-state battery flows into São Paulo
gamma,"ULAB collection rate (Brazil, national)",0.7,0.6,0.8,60–80,fraction,2022,Brazil,"Scur, G., et al. (2022). Lead-acid batteries closed-loop supply chain: The Brazilian case. Batteries, 8(9), 139. https://doi.org/10.3390/batteries8090139",batteries-08-00139.pdf,p.9,the collection and recycling rate reached 104% in 2019,Estimate,National average considerably lower than São Paulo
gamma,ULAB collection rate (global avg),0.6,,,~60,fraction,2024,Global,"Dalberg Advisors, & U.S. Agency for International Development. (2024). Used lead-acid battery (ULAB) recycling assessment report: Powering a lead-safe future. USAID.",0bedbe5d5c419cb5889dead37b4cda70.pdf,p.3,comprehensive recovery and recycling schemes with return rates of over 95%,Estimate,Used as global γ default in model
gamma,ULAB collection rate (India),0.7,,,~70,fraction,2024,India,"Dalberg Advisors, & U.S. Agency for International Development. (2024). Used lead-acid battery (ULAB) recycling assessment report: Powering a lead-safe future. USAID.",0bedbe5d5c419cb5889dead37b4cda70.pdf,p.3,about 60-80% of India's ULABs are [recycled],Estimate,~70% returned by consumers; not all reach formal recyclers
gamma,ULAB collection rate (Nigeria),0.875,0.85,0.9,~85–90,fraction,2024,Nigeria,"Dalberg Advisors, & U.S. Agency for International Development. (2024). Used lead-acid battery (ULAB) recycling assessment report: Powering a lead-safe future. USAID.",0bedbe5d5c419cb5889dead37b4cda70.pdf,p.8,efficient formal recycling system of 90% of LAB in EoL were recycled,Estimate,"also: Manhart, A | High collection but nearly all informal; γ_NG high, ϕ_break low"
gamma,ULAB collection rate (Tanzania),0.71,,,~71,fraction,2022,Tanzania,"Kaombe, T. J., & Katemi, J. M. (2022). Challenges facing formal used lead-acid battery recycling in Tanzania. Tanzania Journal of Engineering and Technology, 41(4), 106-118.",ajol-file-journals_608_articles_240711_submission_proof_240711-7156-579663-1-10-20230202.pdf,p.116,"the two operational ULAB recycling plants process about 6,000 tonnes per year; this implies that about 29% of the collected ULAB do not reach the local lead smelters. Furthermore, the installed capacity utilisation of the local lead smelters is about 71%.",Estimate,71% reach formal recyclers; remainder informal or lost
gamma,ULAB collection rate (Bangladesh),0.7,,,~70,fraction,2024,Bangladesh,"Islam, M. S., et al. (2021). A study on recycling of used lead-acid batteries in Bangladesh. In Proceedings of WasteSafe 2021 (7th International Conference on Integrated Solid Waste and Faecal Sludge Management), Khulna, Bangladesh.",FullPaper_Bashirul.pdf,p.1,"about 250 recycling plants are operated by different industries across the country and they recycle batteries of 20,000 tons per month which is 70% of total national demand.",Estimate,"240,000 t/yr recycled claimed as 70% of national demand"
phi_break_f,Formal breaking share (Mexico),0.95,,,~95,fraction,2024,Mexico,"Dalberg Advisors, & U.S. Agency for International Development. (2024). Used lead-acid battery (ULAB) recycling assessment report: Powering a lead-safe future. USAID.",0bedbe5d5c419cb5889dead37b4cda70.pdf,p.49,regulatory agents and civil society organizations estimate that approximately 5 percent of the ULAB recycling is done informally.,Estimate,Only ~5% informal breaking; ϕ_break ≈ 0.05
phi_break_f,Informal breaking share (Nigeria),0.2,,,~80,fraction,2024–2025,Nigeria,"Dalberg Advisors, & U.S. Agency for International Development. (2024). Used lead-acid battery (ULAB) recycling assessment report: Powering a lead-safe future. USAID.",0bedbe5d5c419cb5889dead37b4cda70.pdf,p.72,"Around 80 percent of collected ULABs are manually broken and dismantled in the informal sector without use of PPE, according to interviews.",Estimate,"also: Manhart, A | ϕ_break ≈ 0.20 (formal). Plants receive pre-drained batteries from informal networks | stored as formal share (1 - reported informal share)"
phi_break_f,Informal breaking share (India),0.1,,0.1,>90,fraction,2024,India,"Dalberg Advisors, & U.S. Agency for International Development. (2024). Used lead-acid battery (ULAB) recycling assessment report: Powering a lead-safe future. USAID.",0bedbe5d5c419cb5889dead37b4cda70.pdf,p.59,More than 90 percent of the ULABs recycled in India are dismantled manually.,Estimate,Nearly all breaking is manual/informal; ϕ_break ≈ 0.05–0.10 | stored as formal share (1 - reported informal share)
other,Battery drainage weight reduction (Nigeria),11.0,10.0,12.0,10–12,%,2024,Nigeria,"Manhart, A., Adjei, F., Adogame, L., & Jaeger, J. (2025). Partnership for Responsible Battery and Metal Recycling (ProBaMet): Project summary report. Oko-Institut e.V., SRADev Nigeria, & Alliance for Rural Electrification.",ProBaMet_summary_report.pdf,p.13,Drainage reduces the load weight by around 10-12%.,Measured,Plants pay by dry weight; incentivises informal pre-delivery drainage
other,Plants requiring drained-only batteries (Nigeria),,,,Most / all,Qualitative,2024,Nigeria,"Manhart, A., Adjei, F., Adogame, L., & Jaeger, J. (2025). Partnership for Responsible Battery and Metal Recycling (ProBaMet): Project summary report. Oko-Institut e.V., SRADev Nigeria, & Alliance for Rural Electrification.",ProBaMet_summary_report.pdf,p.13,Payment is based on the weight of dry (drained) batteries in almost all plants and some of the assessed plants accept only drained batteries from suppliers.,Observed,"Structural lead loss in collection chain, not plant"
phi_smelt_f,Informal smelting share (Nigeria),0.6,0.55,0.65,~35–45,fraction,2024–2025,Nigeria,"Dalberg Advisors, & U.S. Agency for International Development. (2024). Used lead-acid battery (ULAB) recycling assessment report: Powering a lead-safe future. USAID.",0bedbe5d5c419cb5889dead37b4cda70.pdf,p.73,The informal sector-with the lowest lead recovery rates-smelts around 40 percent of collected ULABs.,Estimate,"also: Manhart, A | ϕ_smelt ≈ 0.55–0.65 formal. Informal limited to niche artisanal markets | stored as formal share (1 - reported informal share)"
phi_smelt_f,Formal smelting share (India),0.7,,,~70,fraction,2024,India,"Dalberg Advisors, & U.S. Agency for International Development. (2024). Used lead-acid battery (ULAB) recycling assessment report: Powering a lead-safe future. USAID.",0bedbe5d5c419cb5889dead37b4cda70.pdf,p.8,"over 650 registered smelters, recycling ~70 percent of Indian ULABs ... informal smelters, accounting for an estimated 30 percent",Estimate,~30% overall informal smelting
phi_smelt_f,Formal smelting share (Bangladesh),0.02,,,~2,fraction,~2024,Bangladesh,"Islam, M. S., et al. (2021). A study on recycling of used lead-acid batteries in Bangladesh. In Proceedings of WasteSafe 2021 (7th International Conference on Integrated Solid Waste and Faecal Sludge Management), Khulna, Bangladesh.",FullPaper_Bashirul.pdf,p.15,80% of the Lead recycled in Bangladesh is produced in the informal sector,Reported,Only 5 Panna Group factories follow formal regulated processes out of ~250 plants
eta_smelt_I,Lead recovery – informal/backyard smelting,0.55,0.5,0.6,50–60,fraction,Multiple years,Nigeria / Global,"Dalberg Advisors, & U.S. Agency for International Development. (2024). Used lead-acid battery (ULAB) recycling assessment report: Powering a lead-safe future. USAID.",0bedbe5d5c419cb5889dead37b4cda70.pdf,p.22,"Open-air smelting in backyards or on the side of a road, also conducted with unsafe equipment and no PPE, produces lead scrap with a low recovery rate of only 50-60 percent.",Estimate (field),"also: Bonnifield, R; Manhart, A | Consistent across 3 document sets. Model ηscrap_I = 0.70 is too high for true backyard"
eta_smelt_I,Lead recovery – informal/backyard (CGD),0.45,0.4,0.5,40–50,fraction,2026,Sub-Saharan Africa,"Bonnifield, R., & Mallory, C. (2026). Lead-safe off-grid electrification: Understanding the issues in Sub-Saharan Africa (CGD Policy Paper 383). Center for Global Development.",lead-safe-off-grid-electrification-understanding-issues.pdf,p.16,"Informal, highly polluting recycling facilities-also called backyard recycling-lose between 40 to 50 percent of recoverable lead to the environment.",Estimate,Expressed as lead loss; i.e. recovery = 50–60%
eta_smelt_I,"Lead recovery – informal smelting (Nigeria, field)",0.55,0.5,0.6,50–60,fraction,2024,Nigeria,"Manhart, A., Adjei, F., Adogame, L., & Jaeger, J. (2025). Partnership for Responsible Battery and Metal Recycling (ProBaMet): Project summary report. Oko-Institut e.V., SRADev Nigeria, & Alliance for Rural Electrification.",ProBaMet_summary_report.pdf,p.11,"informal ... low lead recovery rate of 50-60%, compared to around 90% in industrial plants",Measured/Observed,No reducing environment in informal furnaces; PbO/PbSO4 not reducible
eta_smelt_I,Lead recovery – artisanal/informal (Pincay-Pilay range),0.725,0.6,0.85,60–85,fraction,2025,Global,"Pincay-Pilay, D. A., & Carrasco, E. F. (2025). Environmental impact of lead-acid batteries: A review of sustainable alternatives for production and recycling based on life cycle analysis. Sustainability, 17(23), 10815. https://doi.org/10.3390/su172310815",sustainability-17-10815-v2.pdf,p.12,Informal(artisanal ... 60-85 4.0-6.5 >50 Variable 200-400 [60],Literature review,Upper end likely includes low-standard industrial; lower end = true backyard
eta_smelt_F,"Lead recovery – industrial plants (Nigeria, avg)",0.9,,,~90,fraction,2024–2025,Nigeria,"Manhart, A., Adjei, F., Adogame, L., & Jaeger, J. (2025). Partnership for Responsible Battery and Metal Recycling (ProBaMet): Project summary report. Oko-Institut e.V., SRADev Nigeria, & Alliance for Rural Electrification.",ProBaMet_summary_report.pdf,p.11,around 90% in industrial plants (Wilson and Manhart 2021),Estimate,Formal industrial sector average; significantly below high-standard (~99%)
eta_smelt_F,Lead recovery – high-standard formal,0.985,0.98,0.99,>98–99,fraction,2025–2026,Global,"Bonnifield, R., & Mallory, C. (2026). Lead-safe off-grid electrification: Understanding the issues in Sub-Saharan Africa (CGD Policy Paper 383). Center for Global Development.",lead-safe-off-grid-electrification-understanding-issues.pdf,p.4,"...high investment costs and moderate operational costs yield a lead recovery rate of >98 percent, with an environmentally sound record.",Reported,"also: Pincay-Pilay, D | Green Recycling Ltd (Nigeria) positively listed"
eta_refine_F,Lead recovery – conventional pyrometallurgy,0.94,0.9,0.98,90–98,fraction,2025,Global,"Pincay-Pilay, D. A., & Carrasco, E. F. (2025). Environmental impact of lead-acid batteries: A review of sustainable alternatives for production and recycling based on life cycle analysis. Sustainability, 17(23), 10815. https://doi.org/10.3390/su172310815",sustainability-17-10815-v2.pdf,p.12,Conventional ... 90-98 1.8-2.7 22-35 6.5-8.2 600-900 highmetallurgical [29],Literature review,Table 2 from technology comparison
eta_refine_F,Lead recovery – advanced pyro (emission controls),0.97,0.95,0.99,95–99,fraction,2025,Global,"Pincay-Pilay, D. A., & Carrasco, E. F. (2025). Environmental impact of lead-acid batteries: A review of sustainable alternatives for production and recycling based on life cycle analysis. Sustainability, 17(23), 10815. https://doi.org/10.3390/su172310815",sustainability-17-10815-v2.pdf,p.12,"95-99 1.2-1.6 8-12 5.5-6.5 850-1100 emissionswithfilters [58,59]",Literature review,Table 2 from technology comparison
eta_refine_F,Lead recovery – hydrometallurgy,0.975,0.96,0.99,96–99,fraction,2025,Global,"Pincay-Pilay, D. A., & Carrasco, E. F. (2025). Environmental impact of lead-acid batteries: A review of sustainable alternatives for production and recycling based on life cycle analysis. Sustainability, 17(23), 10815. https://doi.org/10.3390/su172310815",sustainability-17-10815-v2.pdf,p.12,(acidleachingand 96-99 renewable <5 3.0-4.2 1000-1300 andSO2emissions; [57],Literature review,Purity >99.9%; 70–80% lower CO2 and SO2 vs. pyro
eta_smelt_F,"Lead recovery – Brazil (formal, average)",0.65,,,~65,fraction,2022,Brazil,"Scur, G., et al. (2022). Lead-acid batteries closed-loop supply chain: The Brazilian case. Batteries, 8(9), 139. https://doi.org/10.3390/batteries8090139",batteries-08-00139.pdf,p.4,"For every ton of battery scrap, around 650 kg of lead is recovered [26].",Reported,650 kg lead per tonne battery scrap processed
other,Rotary vs. blast furnace recovery gain,40.0,40.0,,>40,% more lead,2024,Global,"Dalberg Advisors, & U.S. Agency for International Development. (2024). Used lead-acid battery (ULAB) recycling assessment report: Powering a lead-safe future. USAID.",0bedbe5d5c419cb5889dead37b4cda70.pdf,p.60,Stakeholders indicate that rotary furnaces recover more than 40 percent more lead and generate less waste compared to blast furnaces.,Reported,Rotary furnace recovers >40% more lead than blast furnace
eta_smelt_F,Lead recovery – low-standard industrial (CGD),,,,~Several %,fraction,2026,Sub-Saharan Africa,"Bonnifield, R., & Mallory, C. (2026). Lead-safe off-grid electrification: Understanding the issues in Sub-Saharan Africa (CGD Policy Paper 383). Center for Global Development.",lead-safe-off-grid-electrification-understanding-issues.pdf,p.18,"...these operations commonly see some lead losses to the environment, which can make up several percentages of the total lead throughput.",Estimate,Intermediate tier; capital $300K–$2M
pb_mass_fraction,"Lead share of battery weight (global, multiple sources)",0.65,,,65,fraction,Multiple,Global,"Islam, M. S., et al. (2021). A study on recycling of used lead-acid batteries in Bangladesh. In Proceedings of WasteSafe 2021 (7th International Conference on Integrated Solid Waste and Faecal Sludge Management), Khulna, Bangladesh.",FullPaper_Bashirul.pdf,p.5,"Generally, a ULAB has 65% lead metal and oxide, 12% plastic casing, 7% cell separators, and 16% electrolyte.",Reported,65% confirmed across multiple independent sources
pb_mass_fraction,"Lead share of battery weight (Nigeria, ProBaMet assumed)",0.625,,,62.5,fraction,2024–2025,Nigeria,"Manhart, A., Adjei, F., Adogame, L., & Jaeger, J. (2025). Partnership for Responsible Battery and Metal Recycling (ProBaMet): Project summary report. Oko-Institut e.V., SRADev Nigeria, & Alliance for Rural Electrification.",ProBaMet_summary_report.pdf,p.11,An average lead content of 62.5% is assumed,Assumed,Used for Table 2-1 capacity calculations; may reflect Nigeria-specific battery mix
battery_pb_content,Average lead per battery (Brazil SLI),9.0,,,~9 kg,kg,2022,Brazil,"Scur, G., et al. (2022). Lead-acid batteries closed-loop supply chain: The Brazilian case. Batteries, 8(9), 139. https://doi.org/10.3390/batteries8090139",batteries-08-00139.pdf,p.4,The recycling process of LABs generates losses of lead of about 4.5% of the average 9 kg of lead that each battery contains [24].,Reported,
battery_pb_content,Lead per passenger car/light truck battery (BCI),9.7,,,9.7 kg (21.5 lbs),kg,2006,USA,"Wilburn, D. R., & Buckingham, D. A. (2006). Apparent consumption vs. total consumption: A lead-acid battery case study (Scientific Investigations Report 2006-5155). U.S. Geological Survey.",sir20065155.pdf,p.3,"Passenger car/light truck Passenger cars, light trucks 21.5 9.7",Reported,BCI data cited in Table 1
battery_pb_content,Lead per heavy truck battery (BCI),17.5,,,17.5 kg (38.7 lbs),kg,2006,USA,"Wilburn, D. R., & Buckingham, D. A. (2006). Apparent consumption vs. total consumption: A lead-acid battery case study (Scientific Investigations Report 2006-5155). U.S. Geological Survey.",sir20065155.pdf,p.3,"Truck and heavy duty Trucks, heavy duty vehicles 38.7 17.5",Reported,
battery_pb_content,Lead per golf cart / large motive battery (BCI),18.6,,,18.6 kg (41.1 lbs),kg,2006,USA,"Wilburn, D. R., & Buckingham, D. A. (2006). Apparent consumption vs. total consumption: A lead-acid battery case study (Scientific Investigations Report 2006-5155). U.S. Geological Survey.",sir20065155.pdf,p.3,Golf cart Golf carts or similar vehicles 41.1 18.6,Reported,
battery_pb_content,Lead per motorcycle battery (BCI),2.86,,,2.86 kg (6.3 lbs),kg,2006,USA,"Wilburn, D. R., & Buckingham, D. A. (2006). Apparent consumption vs. total consumption: A lead-acid battery case study (Scientific Investigations Report 2006-5155). U.S. Geological Survey.",sir20065155.pdf,p.6,Includes batteries contained in motorcycles [HTS code 8711 (2.86 kg/unit)].,Reported,
other,Lead per large stationary UPS (BCI),816.0,,,"816 kg (1,800 lbs)",kg/battery,2006,USA,"Wilburn, D. R., & Buckingham, D. A. (2006). Apparent consumption vs. total consumption: A lead-acid battery case study (Scientific Investigations Report 2006-5155). U.S. Geological Survey.",sir20065155.pdf,p.3,"Large stationary Uninterruptible power supply equipment 1,800 816",Reported,Large facility backup power
other,Motorcycle battery weight (CGD),6.0,,,~6 kg,kg/battery,2026,Sub-Saharan Africa,"Bonnifield, R., & Mallory, C. (2026). Lead-safe off-grid electrification: Understanding the issues in Sub-Saharan Africa (CGD Policy Paper 383). Center for Global Development.",lead-safe-off-grid-electrification-understanding-issues.pdf,p.14,A low estimate would assume a smaller average battery size (e.g. a 6 kg motorcycle battery) with a two-year battery life...,Reported,Used for SSA off-grid ULAB volume estimates
other,Car battery weight (CGD),18.15,,,~18.15 kg,kg/battery,2026,Sub-Saharan Africa,"Bonnifield, R., & Mallory, C. (2026). Lead-safe off-grid electrification: Understanding the issues in Sub-Saharan Africa (CGD Policy Paper 383). Center for Global Development.",lead-safe-off-grid-electrification-understanding-issues.pdf,p.14,A high estimate would assume a full-size car battery (18.15 kg) per unit with a one-year battery life...,Reported,Full-size car batteries documented in field for solar home systems
beta,Lead share of world lead demand (batteries),0.855,0.85,0.86,85–86,fraction,2023,Global,"Manhart, A., Adjei, F., Adogame, L., & Jaeger, J. (2025). Partnership for Responsible Battery and Metal Recycling (ProBaMet): Project summary report. Oko-Institut e.V., SRADev Nigeria, & Alliance for Rural Electrification.",ProBaMet_summary_report.pdf,p.2,more than 85% of global refined lead is used in the manufacture of LAB,Reported,"also: Pincay-Pilay, D | Consistent across multiple sources; validates model β parameter"
beta,SLI battery share of US lead demand (by weight),0.79,,,79,fraction,2007–2011,USA,"Wilburn, D. R. (2015). Lead scrap use and trade patterns in the United States, 1995-2012 (Scientific Investigations Report 2015-5114). U.S. Geological Survey.",sir20155114.pdf,p.8,Approximately 81 percent of all lead [consumption was in batteries],Reported,"Motive 12%, stationary 9% of recycled battery lead"
other,US secondary lead share – battery scrap origin,95.0,,,~95,%,2012,USA,"Wilburn, D. R. (2015). Lead scrap use and trade patterns in the United States, 1995-2012 (Scientific Investigations Report 2015-5114). U.S. Geological Survey.",sir20155114.pdf,p.1,which accounted for about 95 percent of U.S. secondary lead consumption in 2012.,Reported,Battery scrap = ~95% of US secondary lead consumption
tau,Battery lifespan – off-grid solar (range),2.75,0.5,5.0,0.5–5 years,yr,2026,Sub-Saharan Africa,"Bonnifield, R., & Mallory, C. (2026). Lead-safe off-grid electrification: Understanding the issues in Sub-Saharan Africa (CGD Policy Paper 383). Center for Global Development.",lead-safe-off-grid-electrification-understanding-issues.pdf,p.8,shorter lifespan than other battery chemistries-generally ranging from six months to five years,Reported,Very wide range; CGD uses 1–2 yrs for estimates. Default τ=3 inappropriate
tau,Battery lifespan – off-grid solar (model assumption),1.5,1.0,2.0,1–2,yr,2026,Sub-Saharan Africa,"Bonnifield, R., & Mallory, C. (2026). Lead-safe off-grid electrification: Understanding the issues in Sub-Saharan Africa (CGD Policy Paper 383). Center for Global Development.",lead-safe-off-grid-electrification-understanding-issues.pdf,p.24,lead-acid packs' one to two years,Assumed (model),CGD working assumption for ULAB volume calculations
tau,Battery lifespan – easy bike/rickshaw (Bangladesh),0.6,0.5,0.7,0.5–0.7 (6–8 months),yr,~2024,Bangladesh,"Islam, M. S., et al. (2021). A study on recycling of used lead-acid batteries in Bangladesh. In Proceedings of WasteSafe 2021 (7th International Conference on Integrated Solid Waste and Faecal Sludge Management), Khulna, Bangladesh.",FullPaper_Bashirul.pdf,p.4,"Normally, easy bikes require 4-5 batteries and rickshaws require 1-2 batteries and replaced them with new ones within 6 to 8 months.",Reported,4–5 batteries per e-bike; replaced every 6–8 months
tau,Battery lifespan – mini-grid lead-acid (pre-2017),3.0,2.0,4.0,~2–4,yr,Pre-2017,Africa,"Bonnifield, R., & Mallory, C. (2026). Lead-safe off-grid electrification: Understanding the issues in Sub-Saharan Africa (CGD Policy Paper 383). Center for Global Development.",lead-safe-off-grid-electrification-understanding-issues.pdf,p.13,"Lithium-ion batteries have far longer cycle lives (3,000 compared to 800 for lead-acid), lowering maintenance and replacement costs.",Inferred,800 cycle life at standard depth of discharge
sli_share,SLI (automotive) share of battery demand (Nigeria),0.45,,0.45,<45,fraction,2024,Nigeria,"Dalberg Advisors, & U.S. Agency for International Development. (2024). Used lead-acid battery (ULAB) recycling assessment report: Powering a lead-safe future. USAID.",0bedbe5d5c419cb5889dead37b4cda70.pdf,p.69,"The automotive sector generates over 45 percent of Nigeria's ULABs, followed by the backup power generators (over 30 percent), the telecommunication sector (over 10 percent), and solar mini grids (under 5 percent).",Estimate,"Backup power >30%, telecom >10%, solar <5%; model default of 70% wrong"
sli_share,SLI share of battery demand (India),0.5,,,~50,fraction,2024,India,"Dalberg Advisors, & U.S. Agency for International Development. (2024). Used lead-acid battery (ULAB) recycling assessment report: Powering a lead-safe future. USAID.",0bedbe5d5c419cb5889dead37b4cda70.pdf,p.54,"The starting, lighting, and ignition (SLI) segment and stationery and motive applications (SMA) segment split the LAB market share nearly equally.",Estimate,SMA = ~50%. Default SLI_pct = 70 materially wrong
sli_share,SLI share of battery demand (Bangladesh),0.175,0.15,0.2,~15–20,fraction,~2024,Bangladesh,"Islam, M. S., et al. (2021). A study on recycling of used lead-acid batteries in Bangladesh. In Proceedings of WasteSafe 2021 (7th International Conference on Integrated Solid Waste and Faecal Sludge Management), Khulna, Bangladesh.",FullPaper_Bashirul.pdf,p.4,"easy bikes, battery-run rickshaws, and hybrid electric cars generated battery demand of 60% to 65%, while commercial vehicles generated a demand of 15% and the rest demands are for solar panels, industries, and instant power supply (IPS) machines.",Estimate,Easy bikes/rickshaws 60–65%; commercial vehicles 15%; solar/IPS 20–25%
sli_share,SLI share of US demand (BCI),0.87,,,~87,fraction,2005,USA,"Wilburn, D. R., & Buckingham, D. A. (2006). Apparent consumption vs. total consumption: A lead-acid battery case study (Scientific Investigations Report 2006-5155). U.S. Geological Survey.",sir20065155.pdf,p.2,starting-lighting-ignition batteries for vehicles (accounting for about 87 percent of lead-acid batteries by weight),Reported,"Stationary ~8%, motive power ~5%"
other,Off-grid solar ULAB share of total SSA volumes (range),30.0,13.0,47.0,13–47,%,2025,Sub-Saharan Africa,"Bonnifield, R., & Mallory, C. (2026). Lead-safe off-grid electrification: Understanding the issues in Sub-Saharan Africa (CGD Policy Paper 383). Center for Global Development.",lead-safe-off-grid-electrification-understanding-issues.pdf,p.1,"...the off-grid solar sector generates between 250,000 and 1.5 million tonnes of ULAB waste per year, accounting for 13 to 47 percent of total ULAB waste volumes in the region.",Estimate,Structural gap in IRF fleet method; invisible to BACI
ulab_volume,Nigeria ULAB volume (Tür et al.),69000.0,,,"69,000",t/yr,2016,Nigeria,"Manhart, A., Adjei, F., Adogame, L., & Jaeger, J. (2025). Partnership for Responsible Battery and Metal Recycling (ProBaMet): Project summary report. Oko-Institut e.V., SRADev Nigeria, & Alliance for Rural Electrification.",ProBaMet_summary_report.pdf,p.9,"estimated at 69,000 tonnes per annum (t/a) (Tur et al. 2016)",Estimate,
ulab_volume,Nigeria ULAB volume (Ugbor),110000.0,,,"110,000",t/yr,2016,Nigeria,"Manhart, A., Adjei, F., Adogame, L., & Jaeger, J. (2025). Partnership for Responsible Battery and Metal Recycling (ProBaMet): Project summary report. Oko-Institut e.V., SRADev Nigeria, & Alliance for Rural Electrification.",ProBaMet_summary_report.pdf,p.9,"110,000 t/a in 2016 (Ugbor 2016)",Estimate,
ulab_volume,Nigeria ULAB volume (Onianwa),206000.0,,,"206,000",t/yr,2018,Nigeria,"Manhart, A., Adjei, F., Adogame, L., & Jaeger, J. (2025). Partnership for Responsible Battery and Metal Recycling (ProBaMet): Project summary report. Oko-Institut e.V., SRADev Nigeria, & Alliance for Rural Electrification.",ProBaMet_summary_report.pdf,p.9,"206,000 t/a in 2018 (Onianwa 2020)",Estimate,
ulab_volume,Nigeria ULAB volume (ProBaMet projected range),157500.0,80000.0,235000.0,"80,000–235,000",t/yr,2024–2025,Nigeria,"Manhart, A., Adjei, F., Adogame, L., & Jaeger, J. (2025). Partnership for Responsible Battery and Metal Recycling (ProBaMet): Project summary report. Oko-Institut e.V., SRADev Nigeria, & Alliance for Rural Electrification.",ProBaMet_summary_report.pdf,p.9,"be estimated to be between 80,000 and 235,000 t/a in 2024 and 2025",Estimate (projected),2% annual growth from Tür and Onianwa baselines
ulab_volume,Nigeria ULAB volume (Dalberg),190000.0,,,"~190,000",t/yr,2024,Nigeria,"Dalberg Advisors, & U.S. Agency for International Development. (2024). Used lead-acid battery (ULAB) recycling assessment report: Powering a lead-safe future. USAID.",0bedbe5d5c419cb5889dead37b4cda70.pdf,p.8,Nigeria produces nearly 190 thousand metric tons of ULAB annually.,Estimate,
ulab_volume,India ULAB volume,2000000.0,,,"~2,000,000",t/yr,2024,India,"Dalberg Advisors, & U.S. Agency for International Development. (2024). Used lead-acid battery (ULAB) recycling assessment report: Powering a lead-safe future. USAID.",0bedbe5d5c419cb5889dead37b4cda70.pdf,p.54,"generates around two million metric tons of ULABs annually, of which around 98 percent are recycled.",Reported,98% recycled
ulab_volume,Mexico ULAB volume,620000.0,620000.0,,">620,000",t/yr,2024,Mexico,"Dalberg Advisors, & U.S. Agency for International Development. (2024). Used lead-acid battery (ULAB) recycling assessment report: Powering a lead-safe future. USAID.",0bedbe5d5c419cb5889dead37b4cda70.pdf,p.8,"Mexico processes over 620,000 metric tons of ULABs annually.",Reported,~90% sourced from US imports
ulab_volume,Tanzania ULAB volume available,8440.0,,,"~8,440",t/yr,2022,Tanzania,"Kaombe, T. J., & Katemi, J. M. (2022). Challenges facing formal used lead-acid battery recycling in Tanzania. Tanzania Journal of Engineering and Technology, 41(4), 106-118.",ajol-file-journals_608_articles_240711_submission_proof_240711-7156-579663-1-10-20230202.pdf,p.1,"annually; weighing a total of about 8,440 tonnes",Estimate,"~6,000 t formally recycled"
ulab_volume,Bangladesh ULAB recycled (claimed),240000.0,,,"240,000",t/yr,~2024,Bangladesh,"Islam, M. S., et al. (2021). A study on recycling of used lead-acid batteries in Bangladesh. In Proceedings of WasteSafe 2021 (7th International Conference on Integrated Solid Waste and Faecal Sludge Management), Khulna, Bangladesh.",FullPaper_Bashirul.pdf,p.1,"recycle batteries of 20,000 tons per month which is 70% of total national demand",Reported,"Claimed as 70% of national demand; implies demand ~343,000 t/yr"
ulab_volume,SSA ULAB from vehicles,1399000.0,,,"~1,399,000",t/yr,2025,Sub-Saharan Africa,"Bonnifield, R., & Mallory, C. (2026). Lead-safe off-grid electrification: Understanding the issues in Sub-Saharan Africa (CGD Policy Paper 383). Center for Global Development.",lead-safe-off-grid-electrification-understanding-issues.pdf,p.18,annual estimate of 1.4 million tonnes of ULAB waste associated with passenger and commercial vehicles,Estimate,
ulab_volume,SSA ULAB from UPS/backup power,229000.0,,,"~229,000",t/yr,2025,Sub-Saharan Africa,"Bonnifield, R., & Mallory, C. (2026). Lead-safe off-grid electrification: Understanding the issues in Sub-Saharan Africa (CGD Policy Paper 383). Center for Global Development.",lead-safe-off-grid-electrification-understanding-issues.pdf,p.18,"230,000 tonnes of ULAB waste associated with uninterruptible power supplies",Estimate,
ulab_volume,SSA ULAB from motorbikes,101000.0,,,"~101,000",t/yr,2025,Sub-Saharan Africa,"Bonnifield, R., & Mallory, C. (2026). Lead-safe off-grid electrification: Understanding the issues in Sub-Saharan Africa (CGD Policy Paper 383). Center for Global Development.",lead-safe-off-grid-electrification-understanding-issues.pdf,p.18,"100,000 tonnes of ULAB waste associated with motorbikes",Estimate,
ulab_volume,SSA ULAB from off-grid solar (low),254000.0,,,"~254,000",t/yr,2025,Sub-Saharan Africa,"Bonnifield, R., & Mallory, C. (2026). Lead-safe off-grid electrification: Understanding the issues in Sub-Saharan Africa (CGD Policy Paper 383). Center for Global Development.",lead-safe-off-grid-electrification-understanding-issues.pdf,p.28,"Applying these parameters, we calculate a low-end estimate of 254,000 ULAB tonnes per annum, and a high-end estimate of 1.54 million ULAB tonnes per annum.",Estimate,
ulab_volume,SSA ULAB from off-grid solar (high),1538000.0,,,"~1,538,000",t/yr,2025,Sub-Saharan Africa,"Bonnifield, R., & Mallory, C. (2026). Lead-safe off-grid electrification: Understanding the issues in Sub-Saharan Africa (CGD Policy Paper 383). Center for Global Development.",lead-safe-off-grid-electrification-understanding-issues.pdf,p.14,"Off-Grid Solar 18.15 1 1,537,795 125,978,330 84,726,996",Estimate,Wide range due to unaffiliated market uncertainty
ulab_volume,SSA total ULAB (low estimate),1983000.0,,,"~1,983,000",t/yr,2025,Sub-Saharan Africa,"Bonnifield, R., & Mallory, C. (2026). Lead-safe off-grid electrification: Understanding the issues in Sub-Saharan Africa (CGD Policy Paper 383). Center for Global Development.",lead-safe-off-grid-electrification-understanding-issues.pdf,p.18,ULAB waste volumes are roughly 1.98 million tonnes per year,Estimate,
ulab_volume,SSA total ULAB (high estimate),3267000.0,,,"~3,267,000",t/yr,2025,Sub-Saharan Africa,"Bonnifield, R., & Mallory, C. (2026). Lead-safe off-grid electrification: Understanding the issues in Sub-Saharan Africa (CGD Policy Paper 383). Center for Global Development.",lead-safe-off-grid-electrification-understanding-issues.pdf,p.14,"...it would imply that total ULAB waste volumes are roughly 3.27 million tonnes per year, of which off-grid solar is a plurality (47 percent).",Estimate,
ulab_volume,Mauritius ULAB generated annually,1100.0,,,"~1,100",t/yr,~2020,Mauritius,"Mvere, E. S. (n.d.). The near optimal siting of hazardous waste (ULAB) collection facilities in the Republic of Mauritius. In Advances in Numerical Analysis and Applications (Vol. 1). ZenToks Books.",zentoks-anaa-ch4.pdf,p.1,The Republic of Mauritius has been generating some 1100 tons of Used Lead Acid Batteries annually,Reported,"As part of 17,000–18,000 t/yr total hazardous waste"
other,Informal ULAB recycling sites (SSA estimate),4192.0,1167.0,7217.0,"1,167–7,217",sites,2016,Sub-Saharan Africa,"Bonnifield, R., & Mallory, C. (2026). Lead-safe off-grid electrification: Understanding the issues in Sub-Saharan Africa (CGD Policy Paper 383). Center for Global Development.",lead-safe-off-grid-electrification-understanding-issues.pdf,p.21,"between 1,167 to 7,217 informal ULAB recycling operations in sub-Saharan Africa",Estimate,
other,People exposed at informal SSA ULAB sites,2335500.0,671000.0,4000000.0,"671,000–4,000,000",persons,2016,Sub-Saharan Africa,"Bonnifield, R., & Mallory, C. (2026). Lead-safe off-grid electrification: Understanding the issues in Sub-Saharan Africa (CGD Policy Paper 383). Center for Global Development.",lead-safe-off-grid-electrification-understanding-issues.pdf,p.17,"...there are between 1,167 to 7,217 informal ULAB recycling operations in sub-Saharan Africa, exposing anywhere from around 671,000 to 4,000,000 people to lead toxicity.",Estimate,
secondary_smelter_capacity,Nigeria formal ULAB recycling – combined lead capacity,114180.0,,,"114,180",t/yr,2024,Nigeria,"Manhart, A., Adjei, F., Adogame, L., & Jaeger, J. (2025). Partnership for Responsible Battery and Metal Recycling (ProBaMet): Project summary report. Oko-Institut e.V., SRADev Nigeria, & Alliance for Rural Electrification.",ProBaMet_summary_report.pdf,p.11,"Total 10,380 mt 114,180 mt 182,690 mt",Measured (field),10 plants; assumes 1 month downtime; 62.5% lead content of ULAB input
secondary_smelter_capacity,Nigeria formal ULAB recycling – combined ULAB input capacity,182690.0,,,"182,690",t/yr,2024,Nigeria,"Manhart, A., Adjei, F., Adogame, L., & Jaeger, J. (2025). Partnership for Responsible Battery and Metal Recycling (ProBaMet): Project summary report. Oko-Institut e.V., SRADev Nigeria, & Alliance for Rural Electrification.",ProBaMet_summary_report.pdf,p.10,"combined capacity of approximately 180,000 mt of ULABs per year",Measured (field),Capacity ≈ total estimated ULAB volumes; many plants below capacity
secondary_smelter_capacity,"Plant 1 – lead output (refined lead, export)",22000.0,,,"22,000",t/yr,2024,Nigeria (Ogun State),"Manhart, A., Adjei, F., Adogame, L., & Jaeger, J. (2025). Partnership for Responsible Battery and Metal Recycling (ProBaMet): Project summary report. Oko-Institut e.V., SRADev Nigeria, & Alliance for Rural Electrification.",ProBaMet_summary_report.pdf,p.11,"Plant 1 Refined lead for export 2,000 mt 22,000 mt 35,200 mt",Measured (field),
secondary_smelter_capacity,"Plant 7 – lead output (refined lead, export)",22000.0,,,"22,000",t/yr,2024,Nigeria (Ogun State),"Manhart, A., Adjei, F., Adogame, L., & Jaeger, J. (2025). Partnership for Responsible Battery and Metal Recycling (ProBaMet): Project summary report. Oko-Institut e.V., SRADev Nigeria, & Alliance for Rural Electrification.",ProBaMet_summary_report.pdf,p.11,"Plant 7 Refined lead for export 2,000 mt 22,000 mt 35,200 mt",Measured (field),
secondary_smelter_capacity,"Plant 10 – lead output (LABs for domestic market, estimated)",22000.0,,,"22,000",t/yr,2024,Nigeria (Ogun State),"Manhart, A., Adjei, F., Adogame, L., & Jaeger, J. (2025). Partnership for Responsible Battery and Metal Recycling (ProBaMet): Project summary report. Oko-Institut e.V., SRADev Nigeria, & Alliance for Rural Electrification.",ProBaMet_summary_report.pdf,p.11,"Plant 10 LABs for Nigerian market 2,000 mt (est.) 22,000 mt (est.) 35,200 mt (est.)",Estimate,Not assessed by ProBaMet; capacity estimated
other,Plants assessed (Ogun State),9.0,,,9 of 10,count,2024,Nigeria (Ogun State),"Manhart, A., Adjei, F., Adogame, L., & Jaeger, J. (2025). Partnership for Responsible Battery and Metal Recycling (ProBaMet): Project summary report. Oko-Institut e.V., SRADev Nigeria, & Alliance for Rural Electrification.",ProBaMet_summary_report.pdf,p.10,Nine of the plants are located in Ogun State... These nine plants in Ogun State have been visited and assessed by the ProBaMet team in two assessment campaigns in 2024.,Measured (field),Two assessment campaigns: April and September 2024
other,Sub-standard plants (severe EHS deficiencies),7.0,,,7 of 9,count,2024,Nigeria (Ogun State),"Manhart, A., Adjei, F., Adogame, L., & Jaeger, J. (2025). Partnership for Responsible Battery and Metal Recycling (ProBaMet): Project summary report. Oko-Institut e.V., SRADev Nigeria, & Alliance for Rural Electrification.",ProBaMet_summary_report.pdf,p.15,Seven out of the nine assessed plants showed severe weaknesses in various technical and operational aspects of ULAB recycling and lead smelting.,Measured (field),Formal ≠ safe; all 7 export refined lead
other,Mid-standard plants,1.0,,,1 of 9,count,2024,Nigeria (Ogun State),"Manhart, A., Adjei, F., Adogame, L., & Jaeger, J. (2025). Partnership for Responsible Battery and Metal Recycling (ProBaMet): Project summary report. Oko-Institut e.V., SRADev Nigeria, & Alliance for Rural Electrification.",ProBaMet_summary_report.pdf,p.17,"One of the nine assessed plants falls in a middle category: While installed capacity and throughput were comparably small, the plant featured a good design...",Measured (field),
other,High-standard plants (Green Recycling Ltd),1.0,,,1 of 9,count,2024,Nigeria (Ogun State),"Manhart, A., Adjei, F., Adogame, L., & Jaeger, J. (2025). Partnership for Responsible Battery and Metal Recycling (ProBaMet): Project summary report. Oko-Institut e.V., SRADev Nigeria, & Alliance for Rural Electrification.",ProBaMet_summary_report.pdf,p.19,One of the visited plants (Green Recycling Ltd.) remarkably stood out and showed a plant set-up and operation that was in many aspects in-line with best practices.,Measured (field),Positively listed by ProBaMet; subsequently shut down (per PDFSamB)
other,Slag generation – sub-standard plants,16.0,12.0,20.0,12–20,mt slag / 100 mt ULAB,2024,Nigeria,"Manhart, A., Adjei, F., Adogame, L., & Jaeger, J. (2025). Partnership for Responsible Battery and Metal Recycling (ProBaMet): Project summary report. Oko-Institut e.V., SRADev Nigeria, & Alliance for Rural Electrification.",ProBaMet_summary_report.pdf,p.13,the majority of plants in Nigeria generate between 12 and 20 mt of slag per 100 mt of recycled ULABs (Stevenson 2009; Manhart et al. 2024),Measured,
other,Slag generation – Green Recycling (desulfurisation),6.5,3.0,10.0,3–10,mt slag / 100 mt ULAB,2024,Nigeria,"Manhart, A., Adjei, F., Adogame, L., & Jaeger, J. (2025). Partnership for Responsible Battery and Metal Recycling (ProBaMet): Project summary report. Oko-Institut e.V., SRADev Nigeria, & Alliance for Rural Electrification.",ProBaMet_summary_report.pdf,p.13,This allows to reduce slag volumes to 3 - 10 mt per 100 mt of treated ULABs.,Measured,Chemical desulfurisation of paste prior to smelting
other,Annual slag generation (Nigeria),17800.0,9600.0,26000.0,"9,600–26,000",mt/yr,2024–2025,Nigeria,"Manhart, A., Adjei, F., Adogame, L., & Jaeger, J. (2025). Partnership for Responsible Battery and Metal Recycling (ProBaMet): Project summary report. Oko-Institut e.V., SRADev Nigeria, & Alliance for Rural Electrification.",ProBaMet_summary_report.pdf,p.13,"this means a generation of slag in a range of 9,600 mt/a to 26,000 mt/a.",Estimate,
other,"Lead lost to slag disposal (Nigeria, annual)",1540.0,480.0,2600.0,"480–2,600",mt lead/yr,2024–2025,Nigeria,"Manhart, A., Adjei, F., Adogame, L., & Jaeger, J. (2025). Partnership for Responsible Battery and Metal Recycling (ProBaMet): Project summary report. Oko-Institut e.V., SRADev Nigeria, & Alliance for Rural Electrification.",ProBaMet_summary_report.pdf,p.14,"Assuming residual lead concentrations in a range of 5-10%, this means that 480 to 2,600 mt of lead are transferred to disposal every year in Nigeria.",Estimate,Assuming 5–10% lead in slag. Not captured by any BACI code
other,Slag lead content range,8.85,1.0,16.7,1–16.7,%,2019,Global,"Manhart, A., Adjei, F., Adogame, L., & Jaeger, J. (2025). Partnership for Responsible Battery and Metal Recycling (ProBaMet): Project summary report. Oko-Institut e.V., SRADev Nigeria, & Alliance for Rural Electrification.",ProBaMet_summary_report.pdf,p.13,Furnace slag from secondary lead smelting always contain residual lead and contents my vary from 1% to 16.7% (Topuz et al. 2019).,Reported,
other,Nigeria plants set up by foreign (Indian) investors,,,,Most,Qualitative,2024,Nigeria,"Manhart, A., Adjei, F., Adogame, L., & Jaeger, J. (2025). Partnership for Responsible Battery and Metal Recycling (ProBaMet): Project summary report. Oko-Institut e.V., SRADev Nigeria, & Alliance for Rural Electrification.",ProBaMet_summary_report.pdf,p.10,"Most of the plants have been set up by foreign investors, primarily from India.",Observed,
other,Total off-grid solar units in use (SSA),126000000.0,,,~126 million,units,2025,Sub-Saharan Africa,"Bonnifield, R., & Mallory, C. (2026). Lead-safe off-grid electrification: Understanding the issues in Sub-Saharan Africa (CGD Policy Paper 383). Center for Global Development.",lead-safe-off-grid-electrification-understanding-issues.pdf,p.27,"...yielding an estimated 37.8 million units in the affiliated sector and 88.2 million units in the unaffiliated sector, totaling 126 million off-grid solar units in use.",Estimate,37.8M affiliated (GOGLA) + 88.2M unaffiliated
other,Lead-acid battery share – unaffiliated off-grid solar,95.0,,,~95,%,2025,Sub-Saharan Africa,"Bonnifield, R., & Mallory, C. (2026). Lead-safe off-grid electrification: Understanding the issues in Sub-Saharan Africa (CGD Policy Paper 383). Center for Global Development.",lead-safe-off-grid-electrification-understanding-issues.pdf,p.26,"...we assume a low but non-zero penetration of alternative battery chemistries in the unaffiliated sector, e.g. 95 percent market share for lead-acid batteries.",Estimate,Essentially all unaffiliated units use lead-acid
other,Lead-acid battery share – affiliated (GOGLA) off-grid solar,3.0,,,~3,%,2025,Sub-Saharan Africa,"Bonnifield, R., & Mallory, C. (2026). Lead-safe off-grid electrification: Understanding the issues in Sub-Saharan Africa (CGD Policy Paper 383). Center for Global Development.",lead-safe-off-grid-electrification-understanding-issues.pdf,p.26,"...GOGLA sales data for the affiliated (A) sector, provided on request, shows a three percent market share for lead-acid batteries in systems with <11Wp...",Reported,Dominated by lithium-ion in certified market
other,Unaffiliated market share of total off-grid solar,70.0,,,~70,%,2025,Sub-Saharan Africa,"Bonnifield, R., & Mallory, C. (2026). Lead-safe off-grid electrification: Understanding the issues in Sub-Saharan Africa (CGD Policy Paper 383). Center for Global Development.",lead-safe-off-grid-electrification-understanding-issues.pdf,p.20,The remainder of units are sold through the unregulated off-grid solar sector-comprising about 70 percent of the market...,Estimate,
other,Mini-grids using lead-acid (pre-2017),97.0,,,~97,%,Pre-2017,Africa,"Bonnifield, R., & Mallory, C. (2026). Lead-safe off-grid electrification: Understanding the issues in Sub-Saharan Africa (CGD Policy Paper 383). Center for Global Development.",lead-safe-off-grid-electrification-understanding-issues.pdf,p.13,"Until 2017, 97 percent of surveyed grids used lead-acid batteries...",Reported,
other,Mini-grids using lithium-ion (new installations 2018–2021),69.0,,,~69,%,2018–2021,Africa,"Bonnifield, R., & Mallory, C. (2026). Lead-safe off-grid electrification: Understanding the issues in Sub-Saharan Africa (CGD Policy Paper 383). Center for Global Development.",lead-safe-off-grid-electrification-understanding-issues.pdf,p.13,...but between 2018 and 2021 lithium-based batteries attained 69 percent market share in new mini-grid installations.,Reported,
other,Operational mini-grids in Africa,3100.0,,,"~3,100",count,2022,Africa,"Bonnifield, R., & Mallory, C. (2026). Lead-safe off-grid electrification: Understanding the issues in Sub-Saharan Africa (CGD Policy Paper 383). Center for Global Development.",lead-safe-off-grid-electrification-understanding-issues.pdf,p.13,"As of 2022, there were 3,100 operational mini-grids in Africa, with 9,000 additional projects in the pipeline.",Reported,"9,000 in pipeline"
other,High-standard recycling – capital investment,7000000.0,4000000.0,10000000.0,$4–10 million,USD,2026,Global/SSA,"Bonnifield, R., & Mallory, C. (2026). Lead-safe off-grid electrification: Understanding the issues in Sub-Saharan Africa (CGD Policy Paper 383). Center for Global Development.",lead-safe-off-grid-electrification-understanding-issues.pdf,p.18,"High-quality recycling operations require large capital investments, typically costing between $4 and $10 million, to trap lead waste...",Reported,
other,Low-standard industrial recycling – capital investment,1150000.0,300000.0,2000000.0,$300K–$2 million,USD,2026,Global/SSA,"Bonnifield, R., & Mallory, C. (2026). Lead-safe off-grid electrification: Understanding the issues in Sub-Saharan Africa (CGD Policy Paper 383). Center for Global Development.",lead-safe-off-grid-electrification-understanding-issues.pdf,p.18,"...substandard industrial smelting operations, which generally require between $300,000 and $2 million up-front.",Reported,
other,Backyard/informal recycling – capital investment,2550.0,100.0,5000.0,"$100–$5,000",USD,2026,Global/SSA,"Bonnifield, R., & Mallory, C. (2026). Lead-safe off-grid electrification: Understanding the issues in Sub-Saharan Africa (CGD Policy Paper 383). Center for Global Development.",lead-safe-off-grid-electrification-understanding-issues.pdf,p.18,"Backyard operations are far cheaper, costing just $100 to $5,000 in initial investments, with few maintenance expenditures.",Reported,
other,Cost gap: high vs. low-standard (Manhart & Adjei forthcoming),212.0,,,~$212,USD/t,2025,Nigeria / SSA,"Bonnifield, R., & Mallory, C. (2026). Lead-safe off-grid electrification: Understanding the issues in Sub-Saharan Africa (CGD Policy Paper 383). Center for Global Development.",lead-safe-off-grid-electrification-understanding-issues.pdf,p.24,Forthcoming research from Manhart and Adjei estimates a $212/tonne cost disparity between high- and low-standard ULAB recycling...,Estimate,
other,SSA implied subsidy need (high vs. informal),556500000.0,420000000.0,693000000.0,$420–$693 million,USD/yr,2026,Sub-Saharan Africa,"Bonnifield, R., & Mallory, C. (2026). Lead-safe off-grid electrification: Understanding the issues in Sub-Saharan Africa (CGD Policy Paper 383). Center for Global Development.",lead-safe-off-grid-electrification-understanding-issues.pdf,p.24,...requiring a recurrent subsidy of roughly $420 to $693 million per year across the roughly 1.98-3.27 million tonnes of ULAB waste in sub-Saharan Africa.,Estimate,Applied across total SSA ULAB volumes
other,Conventional pyrometallurgy – cost,750.0,600.0,900.0,600–900,USD/t Pb,2025,Global,"Pincay-Pilay, D. A., & Carrasco, E. F. (2025). Environmental impact of lead-acid batteries: A review of sustainable alternatives for production and recycling based on life cycle analysis. Sustainability, 17(23), 10815. https://doi.org/10.3390/su172310815",sustainability-17-10815-v2.pdf,p.12,Conventional ... 90-98 1.8-2.7 22-35 6.5-8.2 600-900 highmetallurgical [29],Literature review,
other,Advanced pyrometallurgy (emission controls) – cost,975.0,850.0,1100.0,"850–1,100",USD/t Pb,2025,Global,"Pincay-Pilay, D. A., & Carrasco, E. F. (2025). Environmental impact of lead-acid batteries: A review of sustainable alternatives for production and recycling based on life cycle analysis. Sustainability, 17(23), 10815. https://doi.org/10.3390/su172310815",sustainability-17-10815-v2.pdf,p.12,"95-99 1.2-1.6 8-12 5.5-6.5 850-1100 emissionswithfilters [58,59]",Literature review,
other,Hydrometallurgy – cost,1150.0,1000.0,1300.0,"1,000–1,300",USD/t Pb,2025,Global,"Pincay-Pilay, D. A., & Carrasco, E. F. (2025). Environmental impact of lead-acid batteries: A review of sustainable alternatives for production and recycling based on life cycle analysis. Sustainability, 17(23), 10815. https://doi.org/10.3390/su172310815",sustainability-17-10815-v2.pdf,p.12,(acidleachingand 96-99 renewable <5 3.0-4.2 1000-1300 andSO2emissions; [57],Literature review,
other,Informal/artisanal – cost,300.0,200.0,400.0,200–400,USD/t Pb,2025,Global,"Pincay-Pilay, D. A., & Carrasco, E. F. (2025). Environmental impact of lead-acid batteries: A review of sustainable alternatives for production and recycling based on life cycle analysis. Sustainability, 17(23), 10815. https://doi.org/10.3390/su172310815",sustainability-17-10815-v2.pdf,p.12,Informal(artisanal ... 60-85 4.0-6.5 >50 Variable 200-400 [60],Literature review,Key driver sustaining informal sector despite poor recovery
other,US apparent lead consumption (2004),1440000.0,,,1.44 million,mt,2004,USA,"Wilburn, D. R., & Buckingham, D. A. (2006). Apparent consumption vs. total consumption: A lead-acid battery case study (Scientific Investigations Report 2006-5155). U.S. Geological Survey.",sir20065155.pdf,p.1,"For 2004, the U.S. apparent consumption of lead metal is reported as 1.44 million metric tons (Mt) (Gabby, 2006)",Reported,"also: Wilburn, D | Total including embedded in products = 1.78 Mt (+24%)"
other,Lead in imported products (US) vs. apparent consumption,24.0,,,+24,% additional,2004,USA,"Wilburn, D. R., & Buckingham, D. A. (2006). Apparent consumption vs. total consumption: A lead-acid battery case study (Scientific Investigations Report 2006-5155). U.S. Geological Survey.",sir20065155.pdf,p.8,"added about 340,000 t to the reported 2004 U.S. lead apparent consumption value from all sectors, an increase of about 24 percent.",Reported,"~340,000 t additional from embedded products"
other,Secondary lead share of US production,91.0,,,91,%,2012,USA,"Wilburn, D. R. (2015). Lead scrap use and trade patterns in the United States, 1995-2012 (Scientific Investigations Report 2015-5114). U.S. Geological Survey.",sir20155114.pdf,p.1,"the recovery of lead-bearing scrap by the secondary lead industry, which accounted for 91 percent of U.S. lead production in 2012.",Reported,Up from 73% in 1995
other,Battery scrap share of US secondary lead consumption,95.0,,,~95,%,2012,USA,"Wilburn, D. R. (2015). Lead scrap use and trade patterns in the United States, 1995-2012 (Scientific Investigations Report 2015-5114). U.S. Geological Survey.",sir20155114.pdf,p.1,which accounted for about 95 percent of U.S. secondary lead consumption in 2012.,Reported,
other,US SLAB exports to Mexico – early period avg,5800.0,,,"~5,800",mt contained lead/yr,1998–2003,USA → Mexico,"Wilburn, D. R. (2015). Lead scrap use and trade patterns in the United States, 1995-2012 (Scientific Investigations Report 2015-5114). U.S. Geological Survey.",sir20155114.pdf,p.14,"Battery exports to Mexico averaged about 5,800 t per year of contained lead during the 1998-2003 timeframe",Reported,
other,US SLAB exports to Mexico – peak period,201000.0,,,"~201,000",mt contained lead/yr,2011,USA → Mexico,"Wilburn, D. R. (2015). Lead scrap use and trade patterns in the United States, 1995-2012 (Scientific Investigations Report 2015-5114). U.S. Geological Survey.",sir20155114.pdf,p.14,"increased from about 37,000 t in 2004 to about 201,000 t in 2011.",Reported,Driven by 2009 US EPA standard tightening (1.5 → 0.15 µg/m³)
other,Canada share of US SLAB imports,98.0,,,~98,%,1998–2012,Canada → USA,"Wilburn, D. R. (2015). Lead scrap use and trade patterns in the United States, 1995-2012 (Scientific Investigations Report 2015-5114). U.S. Geological Survey.",sir20155114.pdf,p.1,Canada was the source of an average of 98 percent of the lead contained in scrap batteries imported into the United States during the period 1998 through 2012.,Reported,
other,Mexico share of US SLAB exports (2012),89.0,,,~89,%,2012,USA → Mexico,"Wilburn, D. R. (2015). Lead scrap use and trade patterns in the United States, 1995-2012 (Scientific Investigations Report 2015-5114). U.S. Geological Survey.",sir20155114.pdf,p.1,Mexico received about 89 percent of the lead contained in battery scrap exported from the United States in 2012.,Reported,
other,US-origin batteries as share of Mexican recycling,45.0,30.0,60.0,30–60,%,2013,Mexico,"Litzow, E., Cecato, B. R., Zarate, T., & Romero, M. (2023). Toxic recycling: The cost of used lead-acid battery processing in Mexico [Working paper].",ubc_2024_november_litzow_erin.pdf.pdf,p.16,"It's estimated that, as of 2013, 30-60 percent of all used batteries processed in Mexico came from the U.S. (Commission for Environmental Cooperation, 2013).",Estimate,Post-2009 EPA standard shift caused massive export increase
other,Mexico lead emissions per unit vs. US counterparts,20.0,,,~20x higher,ratio,2011,Mexico vs. USA,"Litzow, E., Cecato, B. R., Zarate, T., & Romero, M. (2023). Toxic recycling: The cost of used lead-acid battery processing in Mexico [Working paper].",ubc_2024_november_litzow_erin.pdf.pdf,p.16,"Consequently, emissions from Mexican recycling plants are estimated to be 20 times higher than those of their US counterparts (OK International & Fronteras Comunes, 2011).",Estimate,No comparable Mexican stack emission standards
other,Battery recycling worker BLL (global developing countries avg),64.0,,,64,µg/dL,2026,Developing countries,"Bonnifield, R., & Mallory, C. (2026). Lead-safe off-grid electrification: Understanding the issues in Sub-Saharan Africa (CGD Policy Paper 383). Center for Global Development.",lead-safe-off-grid-electrification-understanding-issues.pdf,p.17,...the average battery industry worker in manufacturing and recycling facilities has a BLL of 47 ug/dL and 64 ug/dL respectively...about 13 and 18 times the Center for Disease Control's (CDC) reference value for lead poisoning of 3.5 ug/dL.,Reported,CDC reference value 3.5 µg/dL
other,Battery manufacturing worker BLL (global developing countries avg),47.0,,,47,µg/dL,2026,Developing countries,"Bonnifield, R., & Mallory, C. (2026). Lead-safe off-grid electrification: Understanding the issues in Sub-Saharan Africa (CGD Policy Paper 383). Center for Global Development.",lead-safe-off-grid-electrification-understanding-issues.pdf,p.17,...the average battery industry worker in manufacturing and recycling facilities has a BLL of 47 ug/dL and 64 ug/dL respectively...,Reported,
other,Children near battery plants BLL (global developing countries avg),19.0,,,19,µg/dL,2026,Developing countries,"Bonnifield, R., & Mallory, C. (2026). Lead-safe off-grid electrification: Understanding the issues in Sub-Saharan Africa (CGD Policy Paper 383). Center for Global Development.",lead-safe-off-grid-electrification-understanding-issues.pdf,p.17,"Across all developing countries, one review found average BLLs of 19 ug/dL among children residing near battery plants.",Reported,
other,Nigeria children with BLL >5 µg/dL,45500000.0,23000000.0,68000000.0,23–68 million,children,2020,Nigeria,"Manhart, A., Adjei, F., Adogame, L., & Jaeger, J. (2025). Partnership for Responsible Battery and Metal Recycling (ProBaMet): Project summary report. Oko-Institut e.V., SRADev Nigeria, & Alliance for Rural Electrification.",ProBaMet_summary_report.pdf,p.7,with an estimated 23 to 68 million Nigerian children having blood lead levels exceeding 5 ug/dl (UNICEF & PureEarth 2020).,Estimate,
other,Soil lead – Mexico (semi-industrial workshops),5000.0,5000.0,,">5,000",mg/kg,~2023,Mexico,"Pincay-Pilay, D. A., & Carrasco, E. F. (2025). Environmental impact of lead-acid batteries: A review of sustainable alternatives for production and recycling based on life cycle analysis. Sustainability, 17(23), 10815. https://doi.org/10.3390/su172310815",sustainability-17-10815-v2.pdf,p.10,"InMexico,semi-industrialworkshopsanduncontrolledfacilitiesgenerateconcentrationsexceeding5000mg/kg[41]",Measured,WHO residential limit: 200 mg/kg
other,Soil lead – Bangladesh (artisanal recycling areas),966.0,,,966,mg/kg,~2024,Bangladesh,"Pincay-Pilay, D. A., & Carrasco, E. F. (2025). Environmental impact of lead-acid batteries: A review of sustainable alternatives for production and recycling based on life cycle analysis. Sustainability, 17(23), 10815. https://doi.org/10.3390/su172310815",sustainability-17-10815-v2.pdf,p.6,ref. [26] reported concentrations in the order of 966 mg/kg of Pb in soils adjacent to LAB repair shops,Measured,
other,Water lead – Nigeria (wells near artisanal recycling),3.5,1.6,5.4,1.6–5.4,mg/L,~2024,Nigeria,"Pincay-Pilay, D. A., & Carrasco, E. F. (2025). Environmental impact of lead-acid batteries: A review of sustainable alternatives for production and recycling based on life cycle analysis. Sustainability, 17(23), 10815. https://doi.org/10.3390/su172310815",sustainability-17-10815-v2.pdf,p.8,ref. [42] reportedPbconcentrationsof1.6to5.4mg/Linwellsnearartisanalrecyclingareas,Measured,WHO limit 0.01 mg/L; 160–540x exceedance
other,"Water lead – Bangladesh (surface waters, informal)",11.0,11.0,,Up to 11,mg/L,~2024,Bangladesh,"Pincay-Pilay, D. A., & Carrasco, E. F. (2025). Environmental impact of lead-acid batteries: A review of sustainable alternatives for production and recycling based on life cycle analysis. Sustainability, 17(23), 10815. https://doi.org/10.3390/su172310815",sustainability-17-10815-v2.pdf,p.8,"inBangladesh,levelsofupto11mg/Lhavebeenfoundinadjacentsurfacewaters[26]",Measured,"also: Islam, M"
other,Pyrometallurgy – lead fumes per tonne processed (conventional),40.0,30.0,50.0,30–50,kg Pb / t processed,2025,Global,"Pincay-Pilay, D. A., & Carrasco, E. F. (2025). Environmental impact of lead-acid batteries: A review of sustainable alternatives for production and recycling based on life cycle analysis. Sustainability, 17(23), 10815. https://doi.org/10.3390/su172310815",sustainability-17-10815-v2.pdf,p.11,includingsulfuroxideemissions(ap-proximately70kg/t)andleadfumes(between30and50kg/t)[34],Literature review,
other,"Lead pollution deaths (global, annual)",900000.0,900000.0,,">900,000",deaths/yr,2021,Global,"Pincay-Pilay, D. A., & Carrasco, E. F. (2025). Environmental impact of lead-acid batteries: A review of sustainable alternatives for production and recycling based on life cycle analysis. Sustainability, 17(23), 10815. https://doi.org/10.3390/su172310815",sustainability-17-10815-v2.pdf,p.1,"Leadpollutionisestimatedtocausemorethan900,000deaths",Estimate,"also: Manhart, A"
other,"Mexico – education effect: math score decline (near facility, post-2009)",0.07,0.05,0.09,0.05–0.09,standard deviations,2009–2013,Mexico,"Litzow, E., Cecato, B. R., Zarate, T., & Romero, M. (2023). Toxic recycling: The cost of used lead-acid battery processing in Mexico [Working paper].",ubc_2024_november_litzow_erin.pdf.pdf,p.10,"Math test scores at these schools decreased between 0.05-0.09 standard deviations () after 2009, relative to students in schools farther away but in the same state.",Measured (causal),Diff-in-diff; 2-mile radius; 26 facilities
other,Mexico – education effect: Spanish score decline,0.06,0.05,0.07,0.05–0.07,standard deviations,2009–2013,Mexico,"Litzow, E., Cecato, B. R., Zarate, T., & Romero, M. (2023). Toxic recycling: The cost of used lead-acid battery processing in Mexico [Working paper].",ubc_2024_november_litzow_erin.pdf.pdf,p.10,"For Spanish, we also estimate negative, though slightly smaller, effects (0.05-0.07).",Measured (causal),
other,"Mexico – estimated lost earnings (annual, exposed cohorts)",27500000.0,16000000.0,39000000.0,$16–39 million,USD/yr,2009–2013,Mexico,"Litzow, E., Cecato, B. R., Zarate, T., & Romero, M. (2023). Toxic recycling: The cost of used lead-acid battery processing in Mexico [Working paper].",ubc_2024_november_litzow_erin.pdf.pdf,p.3,"We estimate that this leads to annual cost of 16 to 39 million USD, compared to an estimated annual cost of reducing pollutants from these industrial facilities of 10 to 19 million USD (Burr, Lazzari, & Greene, 2011).",Estimate,Excludes other health costs; likely underestimates total burden
other,Children with BLL >5 µg/dL – Bangladesh (battery sector workers),50.0,,,>50% of workers,% with BLL >5 µg/dL,2014,Bangladesh,"Islam, M. S., et al. (2021). A study on recycling of used lead-acid batteries in Bangladesh. In Proceedings of WasteSafe 2021 (7th International Conference on Integrated Solid Waste and Faecal Sludge Management), Khulna, Bangladesh.",FullPaper_Bashirul.pdf,p.2,"the blood lead level of more than 50% of workers exceeds the acceptance limit (5 ug/dL) (Ahmed & Partha, 2020).",Measured,
other,Lead air dispersion radius from LAB plant (China study),3.0,3.0,,Up to 3 km,km,~2024,China,"Pincay-Pilay, D. A., & Carrasco, E. F. (2025). Environmental impact of lead-acid batteries: A review of sustainable alternatives for production and recycling based on life cycle analysis. Sustainability, 17(23), 10815. https://doi.org/10.3390/su172310815",sustainability-17-10815-v2.pdf,p.7,"airemissionsofPbandSO fromaLABplantcould disperseupto3kmfromthesite,withadirectcorrelationtoatmosphericconcentrationsin adjacentareas",Measured,Direct correlation with atmospheric concentrations in adjacent areas
other,"Informal sector air lead – informal recycling areas (Africa, Asia, LatAm)",20.0,10.0,30.0,10–30x permissible limit,ratio,2025,Nigeria / Bangladesh / Peru,"Pincay-Pilay, D. A., & Carrasco, E. F. (2025). Environmental impact of lead-acid batteries: A review of sustainable alternatives for production and recycling based on life cycle analysis. Sustainability, 17(23), 10815. https://doi.org/10.3390/su172310815",sustainability-17-10815-v2.pdf,p.7,"air concentrations 10-30 times higher than the permissible limit, which has led to episodes of mass poisoning",Reported,
other,"Plant air lead – informal sites (West Africa, South Asia)",150.0,100.0,200.0,100–200x permissible limit,ratio,2025,West Africa / South Asia,"Pincay-Pilay, D. A., & Carrasco, E. F. (2025). Environmental impact of lead-acid batteries: A review of sustainable alternatives for production and recycling based on life cycle analysis. Sustainability, 17(23), 10815. https://doi.org/10.3390/su172310815",sustainability-17-10815-v2.pdf,p.7,atmospheric lead concentrations in informal reuse areas have been detected that exceed maximum permissible levels by 100 to 200 times,Reported,In areas without filters and ventilation
other,Mauritius – BLL in children near battery factory,48.0,30.0,66.0,30–66,µg/dL,~2020,Mauritius (Port Louis),"Mvere, E. S. (n.d.). The near optimal siting of hazardous waste (ULAB) collection facilities in the Republic of Mauritius. In Advances in Numerical Analysis and Applications (Vol. 1). ZenToks Books.",zentoks-anaa-ch4.pdf,p.3,4 children living adjacent to the battery factory were found to have blood lead in the range 30-66 mcg dl (-1) [17]. This survey proved the dangers... the four children were admitted to hospital for chelation therapy,Measured,4 children required chelation therapy
other,Environmentally sound minimum scale,37000.0,24000.0,50000.0,"24,000–50,000",mt ULAB/yr,2024,Global,"Dalberg Advisors, & U.S. Agency for International Development. (2024). Used lead-acid battery (ULAB) recycling assessment report: Powering a lead-safe future. USAID.",0bedbe5d5c419cb5889dead37b4cda70.pdf,p.9,"Mandate minimum capacity for recycling plants to operate, for economies of scale to make environmental investments affordable (i.e., at least between 24 and 50 thousand metric tons of annual capacity).",Reported,
other,High-standard threshold,50000.0,50000.0,,">50,000",mt ULAB/yr,2024,Global,"Dalberg Advisors, & U.S. Agency for International Development. (2024). Used lead-acid battery (ULAB) recycling assessment report: Powering a lead-safe future. USAID.",0bedbe5d5c419cb5889dead37b4cda70.pdf,p.6,more environmentally sound and sustainably viable recycling facilities often exceed an annual recycling capacity of 50 thousand metric tons.,Reported,
other,Informal capacity (typical),1000.0,,1000.0,"<1,000",mt ULAB/yr,2024,Global,"Dalberg Advisors, & U.S. Agency for International Development. (2024). Used lead-acid battery (ULAB) recycling assessment report: Powering a lead-safe future. USAID.",0bedbe5d5c419cb5889dead37b4cda70.pdf,p.21,"These small-scale operations handle less than 1,000 metric tons of ULABs annually.",Reported,
other,Low-standard industrial capacity,10000.0,10000.0,,"Up to 10,000",mt ULAB/yr,2024,Global,"Dalberg Advisors, & U.S. Agency for International Development. (2024). Used lead-acid battery (ULAB) recycling assessment report: Powering a lead-safe future. USAID.",0bedbe5d5c419cb5889dead37b4cda70.pdf,p.22,"These operations can handle medium volumes, up to 10,000 metric tons of ULABs annually.",Reported,
other,Hydrometallurgy – minimum scale for viability (LMIC context),5000.0,5000.0,,">5,000",t/yr feedstock,2025,Global/LMICs,"Pincay-Pilay, D. A., & Carrasco, E. F. (2025). Environmental impact of lead-acid batteries: A review of sustainable alternatives for production and recycling based on life cycle analysis. Sustainability, 17(23), 10815. https://doi.org/10.3390/su172310815",sustainability-17-10815-v2.pdf,p.13,"volumes<5000t/year,reagentrecoveryandenergyefficiencydonotallowforcompetitiveprofitability",Reported,"Below this, reagent recovery / energy efficiency uneconomic"
other,"Germany secondary lead plants (251,000 t/yr, 5 companies)",5.0,,,5,plants,2023,Germany,"Manhart, A., Adjei, F., Adogame, L., & Jaeger, J. (2025). Partnership for Responsible Battery and Metal Recycling (ProBaMet): Project summary report. Oko-Institut e.V., SRADev Nigeria, & Alliance for Rural Electrification.",ProBaMet_summary_report.pdf,p.34,"Germany ranks seventh in terms of refined lead output with 251,000 t/a (ILZSG 2023). This volume is produced by only five companies that meet the highest standards.",Reported,Benchmark: world-class production concentrated at scale
battery_per_vehicle,Batteries per light passenger vehicle,1.0,,,1,batteries/vehicle,2022,Tanzania,"Kaombe, T. J., & Katemi, J. M. (2022). Challenges facing formal used lead-acid battery recycling in Tanzania. Tanzania Journal of Engineering and Technology, 41(4), 106-118.",ajol-file-journals_608_articles_240711_submission_proof_240711-7156-579663-1-10-20230202.pdf,p.113,"Light Passenger Vehicle (Less than 12 574,736 1 574,736",Reported,Validates IRF fleet methodology
battery_per_vehicle,Batteries per light load vehicle,2.0,,,2,batteries/vehicle,2022,Tanzania,"Kaombe, T. J., & Katemi, J. M. (2022). Challenges facing formal used lead-acid battery recycling in Tanzania. Tanzania Journal of Engineering and Technology, 41(4), 106-118.",ajol-file-journals_608_articles_240711_submission_proof_240711-7156-579663-1-10-20230202.pdf,p.113,"Light Load Vehicle (GVM 3500kg or 101,597 2 203,194",Reported,
battery_per_vehicle,Batteries per heavy load/passenger vehicle,2.0,,,2,batteries/vehicle,2022,Tanzania,"Kaombe, T. J., & Katemi, J. M. (2022). Challenges facing formal used lead-acid battery recycling in Tanzania. Tanzania Journal of Engineering and Technology, 41(4), 106-118.",ajol-file-journals_608_articles_240711_submission_proof_240711-7156-579663-1-10-20230202.pdf,p.113,"Heavy Load Vehicle (GVM > 3500Kg) 102,365 2 204,730",Reported,
battery_per_vehicle,Batteries per motorcycle,1.0,,,1,batteries/vehicle,2022,Tanzania,"Kaombe, T. J., & Katemi, J. M. (2022). Challenges facing formal used lead-acid battery recycling in Tanzania. Tanzania Journal of Engineering and Technology, 41(4), 106-118.",ajol-file-journals_608_articles_240711_submission_proof_240711-7156-579663-1-10-20230202.pdf,p.113,"Motorcycle (less than 3 wheels) 1,308,844 1 1,308,844",Reported,
battery_per_vehicle,Batteries per agricultural tractor,1.0,,,1,batteries/vehicle,2022,Tanzania,"Kaombe, T. J., & Katemi, J. M. (2022). Challenges facing formal used lead-acid battery recycling in Tanzania. Tanzania Journal of Engineering and Technology, 41(4), 106-118.",ajol-file-journals_608_articles_240711_submission_proof_240711-7156-579663-1-10-20230202.pdf,p.113,"Agricultural Tractor 21,672 1 21,672",Reported,
battery_per_vehicle,Easy bikes per battery set (Bangladesh),4.5,4.0,5.0,4–5,batteries/vehicle,~2024,Bangladesh,"Islam, M. S., et al. (2021). A study on recycling of used lead-acid batteries in Bangladesh. In Proceedings of WasteSafe 2021 (7th International Conference on Integrated Solid Waste and Faecal Sludge Management), Khulna, Bangladesh.",FullPaper_Bashirul.pdf,p.4,"Normally, easy bikes require 4-5 batteries and rickshaws require 1-2 batteries and replaced them with new ones within 6 to 8 months.",Reported,Replaced every 6–8 months; extreme τ shortening
other,Proportion of US recycled lead from batteries (2004),85.0,,,~85,%,2004,USA,"Wilburn, D. R., & Buckingham, D. A. (2006). Apparent consumption vs. total consumption: A lead-acid battery case study (Scientific Investigations Report 2006-5155). U.S. Geological Survey.",sir20065155.pdf,p.8,Assuming lead-acid batteries account for 85 percent of total U.S. lead consumption,Reported,Confirms model β parameter
other,Nigeria plants operating below rated capacity,,,,Yes,Qualitative,2024,Nigeria,"Manhart, A., Adjei, F., Adogame, L., & Jaeger, J. (2025). Partnership for Responsible Battery and Metal Recycling (ProBaMet): Project summary report. Oko-Institut e.V., SRADev Nigeria, & Alliance for Rural Electrification.",ProBaMet_summary_report.pdf,p.10,This combined capacity is in line with the ULAB volumes available on the Nigerian market... resulting in competition between the plants and many operating below capacity.,Observed,Competition + finite ULAB pool. Capacity utilization discount needed for D1 trigger
gamma,ULAB collection rate,0.99,0.99,,>99%,fraction,,Europe,"Pincay-Pilay, D. A., & Carrasco, E. F. (2025). Environmental impact of lead-acid batteries: A review of sustainable alternatives for production and recycling based on life cycle analysis. Sustainability, 17(23), 10815. https://doi.org/10.3390/su172310815",sustainability-17-10815-v2.pdf,p.15,More than 99% of LAB are recycled ... [in] Europe,Reported,
gamma,ULAB collection rate,0.6,,0.6,rarely exceed 60%,fraction,,Global (developing),"Pincay-Pilay, D. A., & Carrasco, E. F. (2025). Environmental impact of lead-acid batteries: A review of sustainable alternatives for production and recycling based on life cycle analysis. Sustainability, 17(23), 10815. https://doi.org/10.3390/su172310815",sustainability-17-10815-v2.pdf,p.9,the global average (60%),Estimate,
other,Overall recycling efficiency (EU min. target),0.65,0.65,,65% (min target),fraction,,EU,"Pincay-Pilay, D. A., & Carrasco, E. F. (2025). Environmental impact of lead-acid batteries: A review of sustainable alternatives for production and recycling based on life cycle analysis. Sustainability, 17(23), 10815. https://doi.org/10.3390/su172310815",sustainability-17-10815-v2.pdf,p.15,several achieve >90% in useful recycled material yield,Reported,Aggregate/whole-chain recycling efficiency; not tied to a single model stage. Eurostat overall recycling-efficiency regulatory floor; stage-aggregate (mapped to smelt as representative)
other,"Lead recovery efficiency (best-case, WHR)",0.98,,,98%,fraction,,Global,"Pincay-Pilay, D. A., & Carrasco, E. F. (2025). Environmental impact of lead-acid batteries: A review of sustainable alternatives for production and recycling based on life cycle analysis. Sustainability, 17(23), 10815. https://doi.org/10.3390/su172310815",sustainability-17-10815-v2.pdf,p.17,"increase lead recovery efficiency to 98%, minimizing emissions",Modeled,Aggregate/whole-chain recycling efficiency; not tied to a single model stage. Best case with waste-heat recovery + renewables
phi_smelt_f,Formal share of smelting,0.65,0.6,0.7,30-40% informal,fraction,,China,"Pincay-Pilay, D. A., & Carrasco, E. F. (2025). Environmental impact of lead-acid batteries: A review of sustainable alternatives for production and recycling based on life cycle analysis. Sustainability, 17(23), 10815. https://doi.org/10.3390/su172310815",sustainability-17-10815-v2.pdf,p.14,Between 30% and 40% of LAB used in China are recycled by companies that are not [formal],Estimate,Reported as INFORMAL share 30-40%; formal share = 1 minus that; stage unspecified (whole-chain)
other,Child blood lead >5 ug/dL near informal smelting,0.73,,,73%,fraction,,(informal smelting sites),"Pincay-Pilay, D. A., & Carrasco, E. F. (2025). Environmental impact of lead-acid batteries: A review of sustainable alternatives for production and recycling based on life cycle analysis. Sustainability, 17(23), 10815. https://doi.org/10.3390/su172310815",sustainability-17-10815-v2.pdf,p.9,73% of children >5 ug/dL,Measured,Health/contamination; out of model
other,Refined lead purity (electrowinning),0.999,,,>99.9%,fraction,,,"Pincay-Pilay, D. A., & Carrasco, E. F. (2025). Environmental impact of lead-acid batteries: A review of sustainable alternatives for production and recycling based on life cycle analysis. Sustainability, 17(23), 10815. https://doi.org/10.3390/su172310815",sustainability-17-10815-v2.pdf,p.12,Pb purity >99.9%,Reported,"Product purity, not recovery efficiency"
gamma,ULAB collection rate,0.998,,,99.8%,fraction,2011-2021,USA,Battery Council International. (2023). National recycling rate study (2017-2021). Vault Consulting.,BCI_National-Recycling-Rate-Study_FINAL-071323.pdf,p.1,recovery of ULAB was 99.3% in the United States in 2017,Measured,10-year trailing average
battery_pb_content,Lead per battery,11.16,,,24.6 lb,kg,2017-2021,USA,Battery Council International. (2023). National recycling rate study (2017-2021). Vault Consulting.,BCI_National-Recycling-Rate-Study_FINAL-071323.pdf,p.5,average lead weight for a passenger car and light commercial battery was calculated at 24.6 pounds,Measured,Passenger car & light commercial; 24.6 lb = 11.16 kg
phi_smelt_f,Formal share of smelting,0.8,0.8,,~80% formal,fraction,2024,India,"Dalberg Advisors, & U.S. Agency for International Development. (2024). Used lead-acid battery (ULAB) recycling assessment report: Powering a lead-safe future. USAID.",0bedbe5d5c419cb5889dead37b4cda70.pdf,p.54,roughly 80 percent of recycling operations in India are formal; the remaining 20 percent are informal,Estimate,Second India estimate (cf. p.8 ~70%); expert inputs
eta_smelt_I,Smelting recovery efficiency (informal),0.55,0.5,0.6,50-60%,fraction,2024,LMIC (informal),"Dalberg Advisors, & U.S. Agency for International Development. (2024). Used lead-acid battery (ULAB) recycling assessment report: Powering a lead-safe future. USAID.",0bedbe5d5c419cb5889dead37b4cda70.pdf,p.22,produces lead scrap with a low recovery rate of only 50-60 percent,Reported,Informal recycling
eta_smelt_F,Smelting recovery efficiency (formal),0.99,0.99,,>99%,fraction,2024,Large-scale formal,"Dalberg Advisors, & U.S. Agency for International Development. (2024). Used lead-acid battery (ULAB) recycling assessment report: Powering a lead-safe future. USAID.",0bedbe5d5c419cb5889dead37b4cda70.pdf,p.23,"50,000 metric tons of ULABs and achieve over 99 percent recovery rates",Reported,Large-scale sound recyclers
secondary_smelter_capacity,Secondary smelter capacity,1410000.0,,,1.41 million t,t/yr,2024,Mexico,"Dalberg Advisors, & U.S. Agency for International Development. (2024). Used lead-acid battery (ULAB) recycling assessment report: Powering a lead-safe future. USAID.",0bedbe5d5c419cb5889dead37b4cda70.pdf,p.43,Mexico has sufficient installed ULAB recycling capacity (1.41 million metric tons),Reported,
other,Sound-recycling operating cost,380.0,350.0,410.0,$350-410/t,USD/t,2024,LMIC,"Dalberg Advisors, & U.S. Agency for International Development. (2024). Used lead-acid battery (ULAB) recycling assessment report: Powering a lead-safe future. USAID.",0bedbe5d5c419cb5889dead37b4cda70.pdf,p.6,"from $350 to $410 per metric ton, with no significant initial investment",Reported,Recycling cost; out of model
other,Minimum viable recycling scale,24000.0,24000.0,,">24,000 t/yr",t/yr,2024,,"Dalberg Advisors, & U.S. Agency for International Development. (2024). Used lead-acid battery (ULAB) recycling assessment report: Powering a lead-safe future. USAID.",0bedbe5d5c419cb5889dead37b4cda70.pdf,p.6,At a large scale (above 24 thousand metric tons annually),Estimate,Scale threshold; out of model
other,Informal ULAB recycling sites (count),20000.0,10000.0,30000.0,"10,000-30,000 sites",sites,2020,Global,"Dalberg Advisors, & U.S. Agency for International Development. (2024). Used lead-acid battery (ULAB) recycling assessment report: Powering a lead-safe future. USAID.",0bedbe5d5c419cb5889dead37b4cda70.pdf,p.12,"estimated ~10,000 to 30,000 informal ULAB recycling sites",Estimate,GBA/WEF 2020 cited; out of model
other,US share of Mexico ULAB imports,0.9,,,~90%,fraction,2024,Mexico,"Dalberg Advisors, & U.S. Agency for International Development. (2024). Used lead-acid battery (ULAB) recycling assessment report: Powering a lead-safe future. USAID.",0bedbe5d5c419cb5889dead37b4cda70.pdf,p.41,"ULAB imports from the United States, which make up ~90 percent",Reported,Trade flow; out of model
ulab_volume,ULAB volume / arisings,1060996.0,,,"1,060,996 t",t/yr,2016,Africa,"Oko-Institut e.V. (2016). Generation of used lead-acid batteries in Africa: Estimating the volumes. Freiburg, Germany: Oko-Institut.",ULAB_Generation_African_Countries_final_20160411.pdf,p.15,"annual generation of ULABs from vehicles in Africa of 1,060,996 tons",Estimate,From vehicles in use
ulab_volume,ULAB volume / arisings,173934.0,,,"173,934 t",t/yr,2016,Africa,"Oko-Institut e.V. (2016). Generation of used lead-acid batteries in Africa: Estimating the volumes. Freiburg, Germany: Oko-Institut.",ULAB_Generation_African_Countries_final_20160411.pdf,p.15,"a generation of ULABs from UPS of 173,934 tons",Estimate,From UPS/backup power
pb_mass_fraction,Lead mass fraction of a battery,0.65,,,~65%,fraction,2016,Generic ULAB,"Oko-Institut e.V. (2016). Generation of used lead-acid batteries in Africa: Estimating the volumes. Freiburg, Germany: Oko-Institut.",ULAB_Generation_African_Countries_final_20160411.pdf,p.16,each ULAB contains around 65 % of lead,Estimate,Raw lead mass fraction of a battery (distinct from model delta recovery fraction)
eta_smelt_F,Smelting recovery efficiency (formal),0.9,0.9,,>=90%,fraction,,Africa (industrial),"Manhart, A., & Adjei, F. (2026). Lead-acid battery recycling in selected African settings: Status quo and considerations for sector policies. Oko-Institut e.V.",lead-acid-battery-recycling-selected-african-settings.pdf,p.12,recovery ... to 90 percent and above,Reported,Industrial recyclers; Wilson & Manhart 2021
pb_mass_fraction,Lead mass fraction of a battery,0.65,,,65%,fraction,,Nigeria/Africa,"Manhart, A., & Adjei, F. (2026). Lead-acid battery recycling in selected African settings: Status quo and considerations for sector policies. Oko-Institut e.V.",lead-acid-battery-recycling-selected-african-settings.pdf,p.31,"assumed average lead content of 65 percent, 1 mt of ULABs yields 0.644 mt of lead",Estimate,1 mt ULAB -> 0.644 mt lead
other,Recoverable lead value per mt ULAB,287.0,,,~$287/mt ULAB,USD/t,,Nigeria,"Manhart, A., & Adjei, F. (2026). Lead-acid battery recycling in selected African settings: Status quo and considerations for sector policies. Oko-Institut e.V.",lead-acid-battery-recycling-selected-african-settings.pdf,p.31,around 287 US$/mt of ULABs,Estimate,Substandard recyclers; out of model
pb_mass_fraction,Lead mass fraction of a battery,0.65,,,~65%,fraction,,Brazil,"Scur, G., et al. (2022). Lead-acid batteries closed-loop supply chain: The Brazilian case. Batteries, 8(9), 139. https://doi.org/10.3390/batteries8090139",batteries-08-00139.pdf,p.4,batteries have around 65% of their weight in lead,Reported,
other,Recycling process lead loss / recovery,0.955,,,loss ~4.5%,fraction,,Brazil,"Scur, G., et al. (2022). Lead-acid batteries closed-loop supply chain: The Brazilian case. Batteries, 8(9), 139. https://doi.org/10.3390/batteries8090139",batteries-08-00139.pdf,p.4,recycling process of LABs generates losses of lead of about 4.5%,Reported,Aggregate recovery (100 minus 4.5% loss); out of model
pb_mass_fraction,Lead mass fraction of a battery,0.6,,,~60%,fraction,2018,Bangladesh,International Lead Association. (2020). Inventory of lead acid batteries and used lead acid batteries in Bangladesh. United Nations Environment Programme.,ULAB4.pdf,p.5,"a ULAB has 65% lead metal and oxide, 12% [other]",Estimate,"78,000/130,000 lead-to-LAB mass ratio"
beta,Battery share of lead demand,0.92,,,92%,fraction,2022,China,International Lead and Zinc Study Group. (2023). The world lead factbook 2023. ILZSG.,1_ILZSG World Lead Factbook 2023.pdf,p.28,battery industry accounted for 92% of refined lead metal usage in China,Reported,
other,China share of global lead demand,0.42,,,42%,fraction,2022,China,International Lead and Zinc Study Group. (2023). The world lead factbook 2023. ILZSG.,1_ILZSG World Lead Factbook 2023.pdf,p.25,"China used more than 5 million tonnes of refined lead in 2022, accounting for 42% of global demand",Reported,Out of model
other,Global refined lead usage,12000000.0,,,~12 Mt,t/yr,2022,Global,International Lead and Zinc Study Group. (2023). The world lead factbook 2023. ILZSG.,1_ILZSG World Lead Factbook 2023.pdf,p.22,World refined lead usage has plateaued at the level of around 12 million tonnes,Reported,Out of model
secondary_smelter_capacity,Secondary smelter capacity,3500000.0,,,3.50 million t,t/yr,2021,India,"Pugazhenthy, L. (2022, October 14). Recycling of ULABs in India: Current environmental regulations [Webinar presentation]. India Lead Zinc Development Association (IBMA Webinar).",Recycling-of-ULABs-in-INDIA-Current-Environmental-Regulations-Mr.-L.-Pugazhenthy.pdf,p.3,Authorized Capacity (2021): 3.50 (million tonnes),Reported,Authorized ULAB recycling capacity
ulab_volume,ULAB volume / arisings,875000.0,250000.0,1500000.0,"250,000-1.5 million t",t/yr,,Sub-Saharan Africa (off-grid solar),"Bonnifield, R., & Mallory, C. (2026). Lead-safe off-grid electrification: Understanding the issues in Sub-Saharan Africa (CGD Policy Paper 383). Center for Global Development.",lead-safe-off-grid-electrification-understanding-issues.pdf,p.1,"off-grid solar sector generates between 250,000 and 1.5 million tonnes of ULAB",Estimate,
other,Secondary (recycled) lead share of supply,0.6,0.6,,>60%,fraction,,Africa/Global,United Nations Environment Programme. (2022). A guidance manual for policymakers and regulators for the environmentally sound management of waste or used lead acid batteries in Africa. UNEP.,ACID_BATTERIES_AFRICA.pdf,p.8,Secondary (recycled) lead accounts for more than 60% of [lead supply],Reported,Out of model
tau,Battery service lifespan,20.0,,,~20 years,yr,,(stationary storage),"U.S. Department of Energy. (2023). Lead batteries: Technology strategy assessment (Storage Innovations 2030). U.S. Department of Energy, Office of Electricity.",3_Technology Strategy Assessment - #3 Lead Batteries_508.pdf,p.5,approximately a 20-year lifetime,Reported,STATIONARY grid storage regime (not automotive/SLI); much longer than vehicle batteries
beta,Battery share of lead demand,0.86,,,86%,fraction,2021,Global,"International Lead and Zinc Study Group. (2021). Lead-acid battery recycling (ILZSG Insight No. 49, Secretariat Briefing Paper). ILZSG.",202102_ILZSG Insight 49.pdf,p.2,86% of the world's refined lead metal is used for LAB,Reported,
other,Aggregate lead recovery efficiency,0.9,0.9,,>90%,fraction,2018,EU,"International Lead and Zinc Study Group. (2021). Lead-acid battery recycling (ILZSG Insight No. 49, Secretariat Briefing Paper). ILZSG.",202102_ILZSG Insight 49.pdf,p.2,over 90% of the contained lead recovered in most of its member countries in 2018,Reported,Aggregate recovery; out of model
secondary_smelter_capacity,Secondary smelter capacity,6000.0,,,"~6,000 t/yr",t/yr,2022,Tanzania,"Kaombe, T. J., & Katemi, J. M. (2022). Challenges facing formal used lead-acid battery recycling in Tanzania. Tanzania Journal of Engineering and Technology, 41(4), 106-118.",ajol-file-journals_608_articles_240711_submission_proof_240711-7156-579663-1-10-20230202.pdf,p.1,"ULAB recycling plants process about 6,000 tonnes per year",Reported,Combined plant throughput
other,Child blood lead near ULAB recycling,129.5,39.8,613.9,mean 129.5 ug/dL,ug/dL,2020,Africa (informal recycling),"Mathee, A., et al. (2020). Lead exposure from cottage industries in Africa. Neurotoxicology, 81, 34-39.",1-s2.0-S0161813X20301212-main.pdf,p.3,"highly elevated levels for the children ... ranging from 39.8 to 613.9 ug/dl, with the mean level equalling 129.5 ug/dl",Measured,Health/contamination; out of model
other,Under-5 blood lead near battery recycling,21.5,19.0,24.0,19-24 ug/dL,ug/dL,,Nigeria (Ogijo),Sustainable Research and Action for Environmental Development (SRADev Nigeria). (n.d.). Estimating and assessing lead poisoning cases/high-risk environments in used lead battery facilities in Southwestern Nigeria. SRADev Nigeria.,Blood-Lead-Level-Report.pdf,p.4,sampled under5s ranging 19-24 ug/dl which is about 4 time greater than the USEPA reference,Measured,Health/contamination; out of model
other,Recycling worker blood lead,10.0,,,>10 ug/dL,ug/dL,2024,(recycling workers),"Poudel, M., et al. (2024). Used lead-acid battery recycling and health impacts in Vietnam, Uruguay, and Malaysia. Reviews on Environmental Health, 39(2), 371-388.",10.1515_reveh-2022-0224.pdf,p.4,the BLL had exceeded 10 ug/dL in recycling workers,Measured,Health/contamination; out of model
