country,year,value_metric_t,footnote,yearbook_year,commodity_category_used,commodity,unit_original,unit_converted,n_source_rows,source_file,,,,
Argentina,2015,33000,,2019,refined_secondary,Lead > Refinery > Secondary,"Metric tons, gross weight, unless otherwise specified",metric_tonnes,4,myb3-2019-argentina.xlsx,,,,
Argentina,2016,33000,,2019,refined_secondary,Lead > Refinery > Secondary,"Metric tons, gross weight, unless otherwise specified",metric_tonnes,3,myb3-2019-argentina.xlsx,,,,
Argentina,2017,30000,r,2020,refined_secondary,Lead > Refinery > Secondary,"Metric tons, gross weight, unless otherwise specified",metric_tonnes,3,myb3-2020-21-Argentina-ert.xlsx,,,,
Argentina,2018,26000,,2020,refined_secondary,Lead > Refinery > Secondary,"Metric tons, gross weight, unless otherwise specified",metric_tonnes,3,myb3-2020-21-Argentina-ert.xlsx,,,,
Argentina,2019,28000,,2020,refined_secondary,Lead > Refinery > Secondary,"Metric tons, gross weight, unless otherwise specified",metric_tonnes,2,myb3-2020-21-Argentina-ert.xlsx,,,,
Argentina,2020,19000,,2020,refined_secondary,Lead > Refinery > Secondary,"Metric tons, gross weight, unless otherwise specified",metric_tonnes,1,myb3-2020-21-Argentina-ert.xlsx,,,,
Argentina,2021,22000,,2020,refined_secondary,Lead > Refinery > Secondary,"Metric tons, gross weight, unless otherwise specified",metric_tonnes,1,myb3-2020-21-Argentina-ert.xlsx,,,,
Australia,2015,45000,,2019,refined_secondary,"Lead > Refinery > Secondary, excluding remelt","Metric tons, gross weight, unless otherwise specified",metric_tonnes,4,myb3-2019-australia.xls,,,,
Australia,2016,41000,,2019,refined_secondary,"Lead > Refinery > Secondary, excluding remelt","Metric tons, gross weight, unless otherwise specified",metric_tonnes,3,myb3-2019-australia.xls,,,,
Australia,2017,43000,,2020,refined_secondary,"Lead > Refinery > Secondary, excluding remelt","Metric tons, gross weight, unless otherwise specified",metric_tonnes,3,myb3-2020-21-australia.xlsx,,,,
Australia,2018,33000,,2022,refined_secondary,"Lead > Refinery > Secondary, excluding remelt","Metric tons, gross weight, unless otherwise specified",metric_tonnes,4,myb3-2022-australia.xlsx,,,,
Australia,2019,35000,,2023,refined_secondary,"Lead > Refinery > Secondary, excluding remelt","Metric tons, gross weight, unless otherwise specified",metric_tonnes,4,myb3-2023-australia.xlsx,,,,
Australia,2020,35000,,2023,refined_secondary,"Lead > Refinery > Secondary, excluding remelt","Metric tons, gross weight, unless otherwise specified",metric_tonnes,3,myb3-2023-australia.xlsx,,,,
Australia,2021,29000,,2023,refined_secondary,"Lead > Refinery > Secondary, excluding remelt","Metric tons, gross weight, unless otherwise specified",metric_tonnes,3,myb3-2023-australia.xlsx,,,,
Australia,2022,23000,,2023,refined_secondary,"Lead > Refinery > Secondary, excluding remelt","Metric tons, gross weight, unless otherwise specified",metric_tonnes,2,myb3-2023-australia.xlsx,,,,
Australia,2023,35000,,2023,refined_secondary,"Lead > Refinery > Secondary, excluding remelt","Metric tons, gross weight, unless otherwise specified",metric_tonnes,1,myb3-2023-australia.xlsx,,,,
Austria,2015,24399,,2019,refined_secondary,"Lead, refinery, secondary",metric tons,metric_tonnes,4,myb3-2019-austria.xlsx,,,,
Austria,2016,24000,e,2019,refined_secondary,"Lead, refinery, secondary",metric tons,metric_tonnes,3,myb3-2019-austria.xlsx,,,,
Austria,2017,24000,,2020,refined_secondary,"Lead, refinery, secondary",metric tons,metric_tonnes,3,myb3-2020-21-Austria-advrelf.xlsx,,,,
Austria,2018,27000,r,2022,refined_secondary,"Lead, refinery, secondary",metric tons,metric_tonnes,4,myb3-2022-Austria-ert.xlsx,,,,
Austria,2019,27000,,2022,refined_secondary,"Lead, refinery, secondary",metric tons,metric_tonnes,3,myb3-2022-Austria-ert.xlsx,,,,
Austria,2020,27000,,2022,refined_secondary,"Lead, refinery, secondary",metric tons,metric_tonnes,2,myb3-2022-Austria-ert.xlsx,,,,
Austria,2021,28000,,2022,refined_secondary,"Lead, refinery, secondary",metric tons,metric_tonnes,2,myb3-2022-Austria-ert.xlsx,,,,
Austria,2022,28000,,2022,refined_secondary,"Lead, refinery, secondary",metric tons,metric_tonnes,1,myb3-2022-Austria-ert.xlsx,,,,
Belgium,2015,130000,,2019,refined_secondary,"Lead, refinery, secondary",thousand metric tons,kept_as_mt_mislabelled_thousands,3,myb3-2019-belgium.xlsx,,,,
Belgium,2016,141000,,2019,refined_secondary,"Lead, refinery, secondary",thousand metric tons,kept_as_mt_mislabelled_thousands,3,myb3-2019-belgium.xlsx,,,,
Belgium,2017,139000,r,2020,refined_secondary,"Lead, refinery, secondary",thousand metric tons,kept_as_mt_mislabelled_thousands,3,myb3-2020-21-belgium.xlsx,,,,
Belgium,2018,138106,r,2022,refined_secondary,"Lead, refinery, secondary",thousand metric tons,kept_as_mt_mislabelled_thousands,4,myb3-2022-Belgium-advrel.xlsx,,,,
Belgium,2019,138618,r,2022,refined_secondary,"Lead, refinery, secondary",thousand metric tons,kept_as_mt_mislabelled_thousands,3,myb3-2022-Belgium-advrel.xlsx,,,,
Belgium,2020,122748,r,2022,refined_secondary,"Lead, refinery, secondary",thousand metric tons,kept_as_mt_mislabelled_thousands,2,myb3-2022-Belgium-advrel.xlsx,,,,
Belgium,2021,155840,r,2022,refined_secondary,"Lead, refinery, secondary",thousand metric tons,kept_as_mt_mislabelled_thousands,2,myb3-2022-Belgium-advrel.xlsx,,,,
Belgium,2022,109000,e,2022,refined_secondary,"Lead, refinery, secondary",thousand metric tons,kept_as_mt_mislabelled_thousands,1,myb3-2022-Belgium-advrel.xlsx,,,,
Bolivia,2017,3000,,2020,refined_secondary,Lead > Refinery > Secondary,"Metric tons, gross weight, unless otherwise specified",metric_tonnes,1,myb3-2020-21-Bolivia-advrel.xlsx,,,,
Bolivia,2018,3000,,2020,refined_secondary,Lead > Refinery > Secondary,"Metric tons, gross weight, unless otherwise specified",metric_tonnes,1,myb3-2020-21-Bolivia-advrel.xlsx,,,,
Bolivia,2019,3000,,2020,refined_secondary,Lead > Refinery > Secondary,"Metric tons, gross weight, unless otherwise specified",metric_tonnes,1,myb3-2020-21-Bolivia-advrel.xlsx,,,,
Bolivia,2020,3000,,2020,refined_secondary,Lead > Refinery > Secondary,"Metric tons, gross weight, unless otherwise specified",metric_tonnes,1,myb3-2020-21-Bolivia-advrel.xlsx,,,,
Bolivia,2021,3000,,2020,refined_secondary,Lead > Refinery > Secondary,"Metric tons, gross weight, unless otherwise specified",metric_tonnes,1,myb3-2020-21-Bolivia-advrel.xlsx,,,,
Brazil,2015,152161,,2019,refined_secondary,"Lead > Refinery, secondary","Metric tons, gross weight, unless otherwise specified",metric_tonnes,3,myb3-2019-brazil.xlsx,,,,
Brazil,2016,156186,,2019,refined_secondary,"Lead > Refinery, secondary","Metric tons, gross weight, unless otherwise specified",metric_tonnes,3,myb3-2019-brazil.xlsx,,,,
Brazil,2017,240000,r,2020,refined_secondary,"Lead > Refinery, secondary","Metric tons, gross weight, unless otherwise specified",metric_tonnes,3,myb3-2020-21-Brazil-ERT.xlsx,,,,
Brazil,2018,250000,r,2020,refined_secondary,"Lead > Refinery, secondary","Metric tons, gross weight, unless otherwise specified",metric_tonnes,3,myb3-2020-21-Brazil-ERT.xlsx,,,,
Brazil,2019,254000,r,2020,refined_secondary,"Lead > Refinery, secondary","Metric tons, gross weight, unless otherwise specified",metric_tonnes,2,myb3-2020-21-Brazil-ERT.xlsx,,,,
Brazil,2020,260000,,2020,refined_secondary,"Lead > Refinery, secondary","Metric tons, gross weight, unless otherwise specified",metric_tonnes,1,myb3-2020-21-Brazil-ERT.xlsx,,,,
Brazil,2021,265000,,2020,refined_secondary,"Lead > Refinery, secondary","Metric tons, gross weight, unless otherwise specified",metric_tonnes,1,myb3-2020-21-Brazil-ERT.xlsx,,,,
Bulgaria,2015,96900,,2019,refined_secondary,"Lead > Refinery, primary and secondary","Metric tons, gross weight, unless otherwise specified",metric_tonnes,4,myb3-2019-bulgaria.xlsx,,,,
Bulgaria,2016,100817,,2019,refined_secondary,"Lead > Refinery, primary and secondary","Metric tons, gross weight, unless otherwise specified",metric_tonnes,3,myb3-2019-bulgaria.xlsx,,,,
Bulgaria,2017,50000,e,2020,refined_secondary,Lead > Refinery > Secondary,"Metric tons, gross weight, unless otherwise specified",metric_tonnes,3,myb3-2020-21-Bulgaria-advrel.xlsx,,,,
Bulgaria,2018,31111,r,2022,refined_secondary,Lead > Refinery > Secondary,"Metric tons, gross weight, unless otherwise specified",metric_tonnes,4,myb3-2022-Bulgaria-advrel.xlsx,,,,
Bulgaria,2019,30878,r,2022,refined_secondary,Lead > Refinery > Secondary,"Metric tons, gross weight, unless otherwise specified",metric_tonnes,3,myb3-2022-Bulgaria-advrel.xlsx,,,,
Bulgaria,2020,33153,r,2022,refined_secondary,Lead > Refinery > Secondary,"Metric tons, gross weight, unless otherwise specified",metric_tonnes,2,myb3-2022-Bulgaria-advrel.xlsx,,,,
Bulgaria,2021,32673,r,2022,refined_secondary,Lead > Refinery > Secondary,"Metric tons, gross weight, unless otherwise specified",metric_tonnes,2,myb3-2022-Bulgaria-advrel.xlsx,,,,
Bulgaria,2022,33719,,2022,refined_secondary,Lead > Refinery > Secondary,"Metric tons, gross weight, unless otherwise specified",metric_tonnes,1,myb3-2022-Bulgaria-advrel.xlsx,,,,
Burma,2017,12000,,2020,refined_secondary,"Lead > Refinery, secondary","Metric tons, gross weight, unless otherwise specified",metric_tonnes,1,myb3-2020-21-burma.xlsx,,,,
Burma,2018,12000,,2022,refined_secondary,"Lead > Refinery, secondary","Metric tons, gross weight, unless otherwise specified",metric_tonnes,2,myb3-2022-Burma-ert.xlsx,,,,
Burma,2019,12000,,2022,refined_secondary,"Lead > Refinery, secondary","Metric tons, gross weight, unless otherwise specified",metric_tonnes,2,myb3-2022-Burma-ert.xlsx,,,,
Burma,2020,11000,,2022,refined_secondary,"Lead > Refinery, secondary","Metric tons, gross weight, unless otherwise specified",metric_tonnes,2,myb3-2022-Burma-ert.xlsx,,,,
Burma,2021,10900,,2022,refined_secondary,"Lead > Refinery, secondary","Metric tons, gross weight, unless otherwise specified",metric_tonnes,2,myb3-2022-Burma-ert.xlsx,,,,
Burma,2022,10000,,2022,refined_secondary,"Lead > Refinery, secondary","Metric tons, gross weight, unless otherwise specified",metric_tonnes,1,myb3-2022-Burma-ert.xlsx,,,,
Canada,2015,141600,,2019,refined_secondary,Lead > Refinery > Secondary,"Metric tons, gross weight, unless otherwise specified",metric_tonnes,4,myb3-2019-canada.xlsx,,,,
Canada,2016,132150,,2019,refined_secondary,Lead > Refinery > Secondary,"Metric tons, gross weight, unless otherwise specified",metric_tonnes,3,myb3-2019-canada.xlsx,,,,
Canada,2017,149506,,2020,refined_secondary,Lead > Refinery > Secondary,"Metric tons, gross weight, unless otherwise specified",metric_tonnes,3,myb3-2020-21-canada.xlsx,,,,
Canada,2018,141000,e,2022,refined_secondary,Lead > Refinery > Secondary,"Metric tons, gross weight, unless otherwise specified",metric_tonnes,4,myb3-2022-canada.xlsx,,,,
Canada,2019,147358,,2022,refined_secondary,Lead > Refinery > Secondary,"Metric tons, gross weight, unless otherwise specified",metric_tonnes,3,myb3-2022-canada.xlsx,,,,
Canada,2020,136000,e,2022,refined_secondary,Lead > Refinery > Secondary,"Metric tons, gross weight, unless otherwise specified",metric_tonnes,2,myb3-2022-canada.xlsx,,,,
Canada,2021,144000,e,2022,refined_secondary,Lead > Refinery > Secondary,"Metric tons, gross weight, unless otherwise specified",metric_tonnes,2,myb3-2022-canada.xlsx,,,,
Canada,2022,140000,,2022,refined_secondary,Lead > Refinery > Secondary,"Metric tons, gross weight, unless otherwise specified",metric_tonnes,2,myb3-2022-canada.xlsx,,,,
China,2015,1552000,,2019,refined_secondary,Lead > Refinery > Secondary,"Metric tons, gross weight, unless otherwise specified",corrected_x1000_China_footnote,4,myb3-2019-china.xlsx,,,,
China,2016,1663000,,2019,refined_secondary,Lead > Refinery > Secondary,"Metric tons, gross weight, unless otherwise specified",corrected_x1000_China_footnote,3,myb3-2019-china.xlsx,,,,
China,2017,2077000,r,2020,refined_secondary,Lead > Refinery > Secondary,"Metric tons, gross weight, unless otherwise specified",corrected_x1000_China_footnote,3,myb3-2020-21-china.xlsx,,,,
China,2018,2252000,,2022,refined_secondary,Lead > Refinery > Secondary,"Metric tons, gross weight, unless otherwise specified",corrected_x1000_China_footnote,4,myb3-2022-china.xlsx,,,,
China,2019,2225000,,2023,refined_secondary,Lead > Refinery > Secondary,"Metric tons, gross weight, unless otherwise specified",corrected_x1000_China_footnote,4,myb3-2023-china.xlsx,,,,
China,2020,2200000,e,2023,refined_secondary,Lead > Refinery > Secondary,"Metric tons, gross weight, unless otherwise specified",corrected_x1000_China_footnote,3,myb3-2023-china.xlsx,,,,
China,2021,2450000,,2023,refined_secondary,Lead > Refinery > Secondary,"Metric tons, gross weight, unless otherwise specified",corrected_x1000_China_footnote,3,myb3-2023-china.xlsx,,,,
China,2022,2420000,,2023,refined_secondary,Lead > Refinery > Secondary,"Metric tons, gross weight, unless otherwise specified",corrected_x1000_China_footnote,2,myb3-2023-china.xlsx,,,,
China,2023,2762000,,2023,refined_secondary,Lead > Refinery > Secondary,"Metric tons, gross weight, unless otherwise specified",corrected_x1000_China_footnote,1,myb3-2023-china.xlsx,,,,
Czech Republic,2015,45000,,2019,refined_secondary,"Lead, refinery, secondary","Thousand metric tons, gross weight, unless otherwise specified",converted_from_thousand_t,1,myb3-2019-czechia.xlsx,,,,
Czech Republic,2016,43000,,2019,refined_secondary,"Lead, refinery, secondary","Thousand metric tons, gross weight, unless otherwise specified",converted_from_thousand_t,1,myb3-2019-czechia.xlsx,,,,
Czech Republic,2017,45000,,2019,refined_secondary,"Lead, refinery, secondary","Thousand metric tons, gross weight, unless otherwise specified",converted_from_thousand_t,1,myb3-2019-czechia.xlsx,,,,
Czech Republic,2018,45000,,2019,refined_secondary,"Lead, refinery, secondary","Thousand metric tons, gross weight, unless otherwise specified",converted_from_thousand_t,1,myb3-2019-czechia.xlsx,,,,
Czech Republic,2019,45000,,2019,refined_secondary,"Lead, refinery, secondary","Thousand metric tons, gross weight, unless otherwise specified",converted_from_thousand_t,1,myb3-2019-czechia.xlsx,,,,
Czechia,2015,45000,,2017,refined_secondary,"Lead, refinery, secondary","Thousand metric tons, gross weight, unless otherwise specified",converted_from_thousand_t,1,myb3-2017-18_Czechia.xlsx,,,,
Czechia,2016,43000,,2017,refined_secondary,"Lead, refinery, secondary","Thousand metric tons, gross weight, unless otherwise specified",converted_from_thousand_t,1,myb3-2017-18_Czechia.xlsx,,,,
Czechia,2017,45000,,2020,refined_secondary,"Lead, refinery, secondary","Thousand metric tons, gross weight, unless otherwise specified",converted_from_thousand_t,2,myb3-2020-21-Czechia-advrel.xlsx,,,,
Czechia,2018,45000,,2022,refined_secondary,"Lead, refinery, secondary","Thousand metric tons, gross weight, unless otherwise specified",converted_from_thousand_t,3,myb3-2022-Czechia-advrel.xlsx,,,,
Czechia,2019,43000,,2022,refined_secondary,"Lead, refinery, secondary","Thousand metric tons, gross weight, unless otherwise specified",converted_from_thousand_t,2,myb3-2022-Czechia-advrel.xlsx,,,,
Czechia,2020,42000,e,2022,refined_secondary,"Lead, refinery, secondary","Thousand metric tons, gross weight, unless otherwise specified",converted_from_thousand_t,2,myb3-2022-Czechia-advrel.xlsx,,,,
Czechia,2021,43000,r,2022,refined_secondary,"Lead, refinery, secondary","Thousand metric tons, gross weight, unless otherwise specified",converted_from_thousand_t,2,myb3-2022-Czechia-advrel.xlsx,,,,
Czechia,2022,43000,,2022,refined_secondary,"Lead, refinery, secondary","Thousand metric tons, gross weight, unless otherwise specified",converted_from_thousand_t,1,myb3-2022-Czechia-advrel.xlsx,,,,
Estonia,2015,8329,,2019,refined_secondary,"Lead, refinery, secondary","Metric tons, gross weight, unless otherwise specified",metric_tonnes,3,myb3-2019-estonia.xlsx,,,,
Estonia,2016,8348,,2019,refined_secondary,"Lead, refinery, secondary","Metric tons, gross weight, unless otherwise specified",metric_tonnes,3,myb3-2019-estonia.xlsx,,,,
Estonia,2017,9606,,2020,refined_secondary,"Lead, refinery, secondary","Metric tons, gross weight, unless otherwise specified",metric_tonnes,3,myb3-2020-21-Estonia-advrel.xlsx,,,,
Estonia,2018,7393,,2022,refined_secondary,"Lead, refinery, secondary","Metric tons, gross weight, unless otherwise specified",metric_tonnes,4,myb3-2022-Estonia-advrel_0.xlsx,,,,
Estonia,2019,8209,,2022,refined_secondary,"Lead, refinery, secondary","Metric tons, gross weight, unless otherwise specified",metric_tonnes,3,myb3-2022-Estonia-advrel_0.xlsx,,,,
Estonia,2020,12000,e,2022,refined_secondary,"Lead, refinery, secondary","Metric tons, gross weight, unless otherwise specified",metric_tonnes,2,myb3-2022-Estonia-advrel_0.xlsx,,,,
Estonia,2021,13000,e,2022,refined_secondary,"Lead, refinery, secondary","Metric tons, gross weight, unless otherwise specified",metric_tonnes,2,myb3-2022-Estonia-advrel_0.xlsx,,,,
Estonia,2022,13000,e,2022,refined_secondary,"Lead, refinery, secondary","Metric tons, gross weight, unless otherwise specified",metric_tonnes,1,myb3-2022-Estonia-advrel_0.xlsx,,,,
France,2015,72000,e,2019,refined_secondary,"Lead, refinery, secondary",thousand metric tons,converted_from_thousand_t,4,myb3-2019-france.xlsx,,,,
France,2016,70000,,2019,refined_secondary,"Lead, refinery, secondary",thousand metric tons,converted_from_thousand_t,3,myb3-2019-france.xlsx,,,,
France,2017,70000,,2020,refined_secondary,"Lead, refinery, secondary",thousand metric tons,converted_from_thousand_t,3,myb3-2020-21-france.xlsx,,,,
France,2018,70000,,2022,refined_secondary,"Lead, refinery, secondary",thousand metric tons,converted_from_thousand_t,4,myb3-2022-France-advrel.xlsx,,,,
France,2019,70000,,2022,refined_secondary,"Lead, refinery, secondary",thousand metric tons,converted_from_thousand_t,3,myb3-2022-France-advrel.xlsx,,,,
France,2020,60000,,2022,refined_secondary,"Lead, refinery, secondary",thousand metric tons,converted_from_thousand_t,2,myb3-2022-France-advrel.xlsx,,,,
France,2021,70000,,2022,refined_secondary,"Lead, refinery, secondary",thousand metric tons,converted_from_thousand_t,2,myb3-2022-France-advrel.xlsx,,,,
France,2022,65000,,2022,refined_secondary,"Lead, refinery, secondary",thousand metric tons,converted_from_thousand_t,1,myb3-2022-France-advrel.xlsx,,,,
Germany,2015,253000,,2019,refined_secondary,"Lead, refinery > Secondary","Thousand metric tons, gross weight, unless otherwise specified",converted_from_thousand_t,3,myb3-2019-germany.xlsx,,,,
Germany,2016,224000,,2019,refined_secondary,"Lead, refinery > Secondary","Thousand metric tons, gross weight, unless otherwise specified",converted_from_thousand_t,3,myb3-2019-germany.xlsx,,,,
Germany,2017,241000,,2020,refined_secondary,"Lead, refinery > Secondary","Thousand metric tons, gross weight, unless otherwise specified",converted_from_thousand_t,3,myb3-2020-21-Germany-advrel.xlsx,,,,
Germany,2018,217000,,2022,refined_secondary,"Lead, refinery > Secondary","Thousand metric tons, gross weight, unless otherwise specified",converted_from_thousand_t,4,myb3-2022-Germany-adv.xlsx,,,,
Germany,2019,229000,,2022,refined_secondary,"Lead, refinery > Secondary","Thousand metric tons, gross weight, unless otherwise specified",converted_from_thousand_t,3,myb3-2022-Germany-adv.xlsx,,,,
Germany,2020,194000,,2022,refined_secondary,"Lead, refinery > Secondary","Thousand metric tons, gross weight, unless otherwise specified",converted_from_thousand_t,2,myb3-2022-Germany-adv.xlsx,,,,
Germany,2021,217000,,2022,refined_secondary,"Lead, refinery > Secondary","Thousand metric tons, gross weight, unless otherwise specified",converted_from_thousand_t,2,myb3-2022-Germany-adv.xlsx,,,,
Germany,2022,192000,,2022,refined_secondary,"Lead, refinery > Secondary","Thousand metric tons, gross weight, unless otherwise specified",converted_from_thousand_t,1,myb3-2022-Germany-adv.xlsx,,,,
Ghana,2015,3048,,2019,refined_secondary,"Lead, refinery, secondary",metric tons,metric_tonnes,4,myb3-2019-ghana.xlsx,,,,
Ghana,2016,1800,,2019,refined_secondary,"Lead, refinery, secondary",metric tons,metric_tonnes,3,myb3-2019-ghana.xlsx,,,,
India,2015,358000,,2017,refined_secondary,Lead > Refinery > Secondary,"Metric tons, gross weight, unless otherwise specified",metric_tonnes,4,myb3-2017-18-India.xlsx,,,,
India,2016,385000,,2017,refined_secondary,Lead > Refinery > Secondary,"Metric tons, gross weight, unless otherwise specified",metric_tonnes,3,myb3-2017-18-India.xlsx,,,,
India,2017,647000,,2020,refined_secondary,Lead > Refinery > Secondary,"Metric tons, gross weight, unless otherwise specified",metric_tonnes,3,myb3-2020-21-india.xlsx,,,,
India,2018,688000,,2022,refined_secondary,Lead > Refinery > Secondary,"Metric tons, gross weight, unless otherwise specified",metric_tonnes,4,myb3-2022-india.xlsx,,,,
India,2019,737000,,2023,refined_secondary,Lead > Refinery > Secondary,"Metric tons, gross weight, unless otherwise specified",metric_tonnes,5,myb3-2023-India-ERT.xlsx,,,,
India,2020,620000,,2023,refined_secondary,Lead > Refinery > Secondary,"Metric tons, gross weight, unless otherwise specified",metric_tonnes,4,myb3-2023-India-ERT.xlsx,,,,
India,2021,860000,,2023,refined_secondary,Lead > Refinery > Secondary,"Metric tons, gross weight, unless otherwise specified",metric_tonnes,4,myb3-2023-India-ERT.xlsx,,,,
India,2022,760000,,2023,refined_secondary,Lead > Refinery > Secondary,"Metric tons, gross weight, unless otherwise specified",metric_tonnes,3,myb3-2023-India-ERT.xlsx,,,,
India,2023,820000,,2023,refined_secondary,Lead > Refinery > Secondary,"Metric tons, gross weight, unless otherwise specified",metric_tonnes,2,myb3-2023-India-ERT.xlsx,,,,
Indonesia,2015,46000,,2019,refined_secondary,"Lead > Refinery, secondary","Metric tons, gross weight, unless otherwise specified",metric_tonnes,3,myb3-2019-indonesia.xlsx,,,,
Indonesia,2016,48000,,2019,refined_secondary,"Lead > Refinery, secondary","Metric tons, gross weight, unless otherwise specified",metric_tonnes,3,myb3-2019-indonesia.xlsx,,,,
Indonesia,2017,46000,,2020,refined_secondary,"Lead > Refinery, secondary","Metric tons, gross weight, unless otherwise specified",metric_tonnes,3,myb3-2020-21-indonesia.xlsx,,,,
Indonesia,2018,54000,,2022,refined_secondary,"Lead > Refinery, secondary","Metric tons, gross weight, unless otherwise specified",metric_tonnes,4,myb3-2022-indonesia.xlsx,,,,
Indonesia,2019,54000,,2023,refined_secondary,"Lead > Refinery, secondary","Metric tons, gross weight, unless otherwise specified",metric_tonnes,4,myb3-2023-indonesia.xlsx,,,,
Indonesia,2020,53000,,2023,refined_secondary,"Lead > Refinery, secondary","Metric tons, gross weight, unless otherwise specified",metric_tonnes,3,myb3-2023-indonesia.xlsx,,,,
Indonesia,2021,54000,,2023,refined_secondary,"Lead > Refinery, secondary","Metric tons, gross weight, unless otherwise specified",metric_tonnes,3,myb3-2023-indonesia.xlsx,,,,
Indonesia,2022,55000,,2023,refined_secondary,"Lead > Refinery, secondary","Metric tons, gross weight, unless otherwise specified",metric_tonnes,2,myb3-2023-indonesia.xlsx,,,,
Indonesia,2023,58000,,2023,refined_secondary,"Lead > Refinery, secondary","Metric tons, gross weight, unless otherwise specified",metric_tonnes,1,myb3-2023-indonesia.xlsx,,,,
Iran,2015,100000,r,2019,refined_secondary,Lead > Refinery > Secondary,"Metric tons, gross weight, unless otherwise specified",metric_tonnes,3,myb3-2019-iran.xlsx,,,,
Iran,2016,108000,r,2019,refined_secondary,Lead > Refinery > Secondary,"Metric tons, gross weight, unless otherwise specified",metric_tonnes,3,myb3-2019-iran.xlsx,,,,
Iran,2017,103000,,2020,refined_secondary,Lead > Refinery > Secondary,"Metric tons, gross weight, unless otherwise specified",metric_tonnes,3,myb3-2020-21-iran.xlsx,,,,
Iran,2018,100000,,2022,refined_secondary,Lead > Refinery > Secondary,"Metric tons, gross weight, unless otherwise specified",metric_tonnes,4,myb3-2022-iran.xlsx,,,,
Iran,2019,98000,e,2023,refined_secondary,Lead > Refinery > Secondary,"Metric tons, gross weight, unless otherwise specified",metric_tonnes,4,myb3-2023-iran.xlsx,,,,
Iran,2020,97000,e,2023,refined_secondary,Lead > Refinery > Secondary,"Metric tons, gross weight, unless otherwise specified",metric_tonnes,3,myb3-2023-iran.xlsx,,,,
Iran,2021,96000,r,2023,refined_secondary,Lead > Refinery > Secondary,"Metric tons, gross weight, unless otherwise specified",metric_tonnes,3,myb3-2023-iran.xlsx,,,,
Iran,2022,96000,r,2023,refined_secondary,Lead > Refinery > Secondary,"Metric tons, gross weight, unless otherwise specified",metric_tonnes,2,myb3-2023-iran.xlsx,,,,
Iran,2023,97000,,2023,refined_secondary,Lead > Refinery > Secondary,"Metric tons, gross weight, unless otherwise specified",metric_tonnes,1,myb3-2023-iran.xlsx,,,,
Ireland,2015,17200,,2019,refined_secondary,"Lead > Refinery, secondary",metric tons,metric_tonnes,4,myb3-2019-ireland.xlsx,,,,
Ireland,2016,18000,,2019,refined_secondary,"Lead > Refinery, secondary",metric tons,metric_tonnes,3,myb3-2019-ireland.xlsx,,,,
Ireland,2017,17500,,2020,refined_secondary,"Lead > Refinery, secondary",metric tons,metric_tonnes,3,myb3-2020-21-Ireland-advrel.xlsx,,,,
Ireland,2018,15000,,2022,refined_secondary,"Lead > Refinery, secondary",metric tons,metric_tonnes,4,myb3-2022-Ireland-adv.xlsx,,,,
Ireland,2019,16300,,2022,refined_secondary,"Lead > Refinery, secondary",metric tons,metric_tonnes,3,myb3-2022-Ireland-adv.xlsx,,,,
Ireland,2020,12000,,2022,refined_secondary,"Lead > Refinery, secondary",metric tons,metric_tonnes,2,myb3-2022-Ireland-adv.xlsx,,,,
Ireland,2021,14000,,2022,refined_secondary,"Lead > Refinery, secondary",metric tons,metric_tonnes,2,myb3-2022-Ireland-adv.xlsx,,,,
Ireland,2022,15000,,2022,refined_secondary,"Lead > Refinery, secondary",metric tons,metric_tonnes,1,myb3-2022-Ireland-adv.xlsx,,,,
Israel,2015,26000,e,2019,refined_secondary,"Lead, refinery, secondary","Metric tons, gross weight, unless otherwise specified",metric_tonnes,4,myb3-2019-israel.xlsx,,,,
Israel,2016,24128,,2019,refined_secondary,"Lead, refinery, secondary","Metric tons, gross weight, unless otherwise specified",metric_tonnes,3,myb3-2019-israel.xlsx,,,,
Israel,2017,25261,,2020,refined_secondary,"Lead, refinery, secondary","Metric tons, gross weight, unless otherwise specified",metric_tonnes,3,myb3-2020-21-israel.xlsx,,,,
Israel,2018,28700,,2022,refined_secondary,"Lead, refinery, secondary","Metric tons, gross weight, unless otherwise specified",metric_tonnes,4,myb3-2022-Israel-advrel.xlsx,,,,
Israel,2019,24090,,2022,refined_secondary,"Lead, refinery, secondary","Metric tons, gross weight, unless otherwise specified",metric_tonnes,3,myb3-2022-Israel-advrel.xlsx,,,,
Israel,2020,23946,,2022,refined_secondary,"Lead, refinery, secondary","Metric tons, gross weight, unless otherwise specified",metric_tonnes,2,myb3-2022-Israel-advrel.xlsx,,,,
Israel,2021,23896,,2022,refined_secondary,"Lead, refinery, secondary","Metric tons, gross weight, unless otherwise specified",metric_tonnes,2,myb3-2022-Israel-advrel.xlsx,,,,
Israel,2022,23900,e,2022,refined_secondary,"Lead, refinery, secondary","Metric tons, gross weight, unless otherwise specified",metric_tonnes,1,myb3-2022-Israel-advrel.xlsx,,,,
Italy,2015,157800,,2019,refined_secondary,"Lead, refinery > Secondary","Metric tons, gross weight, unless otherwise specified",metric_tonnes,4,myb3-2019-italy.xlsx,,,,
Italy,2016,139900,,2019,refined_secondary,"Lead, refinery > Secondary","Metric tons, gross weight, unless otherwise specified",metric_tonnes,3,myb3-2019-italy.xlsx,,,,
Italy,2017,143300,,2020,refined_secondary,"Lead, refinery > Secondary","Metric tons, gross weight, unless otherwise specified",metric_tonnes,3,myb3-2020-21-Italy-advrel.xlsx,,,,
Italy,2018,134600,,2022,refined_secondary,"Lead, refinery > Secondary","Metric tons, gross weight, unless otherwise specified",metric_tonnes,4,myb3-2022-Italy-ert.xlsx,,,,
Italy,2019,126400,,2022,refined_secondary,"Lead, refinery > Secondary","Metric tons, gross weight, unless otherwise specified",metric_tonnes,3,myb3-2022-Italy-ert.xlsx,,,,
Italy,2020,116300,,2022,refined_secondary,"Lead, refinery > Secondary","Metric tons, gross weight, unless otherwise specified",metric_tonnes,2,myb3-2022-Italy-ert.xlsx,,,,
Italy,2021,128400,r,2022,refined_secondary,"Lead, refinery > Secondary","Metric tons, gross weight, unless otherwise specified",metric_tonnes,2,myb3-2022-Italy-ert.xlsx,,,,
Italy,2022,107400,,2022,refined_secondary,"Lead, refinery > Secondary","Metric tons, gross weight, unless otherwise specified",metric_tonnes,1,myb3-2022-Italy-ert.xlsx,,,,
Japan,2015,108736,,2019,refined_secondary,"Lead, refinery > Secondary","Metric tons, gross weight, unless otherwise specified",metric_tonnes,4,myb3-2019-japan.xlsx,,,,
Japan,2016,114430,,2019,refined_secondary,"Lead, refinery > Secondary","Metric tons, gross weight, unless otherwise specified",metric_tonnes,3,myb3-2019-japan.xlsx,,,,
Japan,2017,112052,,2020,refined_secondary,"Lead, refinery > Secondary","Metric tons, gross weight, unless otherwise specified",metric_tonnes,3,myb3-2020-21-japan.xlsx,,,,
Japan,2018,118338,,2022,refined_secondary,"Lead, refinery > Secondary","Metric tons, gross weight, unless otherwise specified",metric_tonnes,4,myb3-2022-Japan-ert.xlsx,,,,
Japan,2019,116273,,2022,refined_secondary,"Lead, refinery > Secondary","Metric tons, gross weight, unless otherwise specified",metric_tonnes,3,myb3-2022-Japan-ert.xlsx,,,,
Japan,2020,117296,,2022,refined_secondary,"Lead, refinery > Secondary","Metric tons, gross weight, unless otherwise specified",metric_tonnes,2,myb3-2022-Japan-ert.xlsx,,,,
Japan,2021,166000,,2022,refined_secondary,"Lead, refinery > Secondary","Metric tons, gross weight, unless otherwise specified",metric_tonnes,2,myb3-2022-Japan-ert.xlsx,,,,
Japan,2022,214000,,2022,refined_secondary,"Lead, refinery > Secondary","Metric tons, gross weight, unless otherwise specified",metric_tonnes,1,myb3-2022-Japan-ert.xlsx,,,,
Kazakhstan,2015,120108,,2019,refined_secondary,"Lead > Refinery, primary and secondary","Metric tons, gross weight, unless otherwise specified",metric_tonnes,4,myb3-2019-kazakhstan.xlsx,,,,
Kazakhstan,2016,134192,,2019,refined_secondary,"Lead > Refinery, primary and secondary","Metric tons, gross weight, unless otherwise specified",metric_tonnes,3,myb3-2019-kazakhstan.xlsx,,,,
Kazakhstan,2017,19000,,2020,refined_secondary,Lead > Refinery > Secondary,"Metric tons, gross weight, unless otherwise specified",metric_tonnes,3,myb3-2020-21-kazakhstan.xlsx,,,,
Kazakhstan,2018,21000,e,2022,refined_secondary,Lead > Refinery > Secondary,"Metric tons, gross weight, unless otherwise specified",metric_tonnes,4,myb3-2022-kazakhstan.xlsx,,,,
Kazakhstan,2019,18000,e,2023,refined_secondary,Lead > Refinery > Secondary,"Metric tons, gross weight, unless otherwise specified",metric_tonnes,4,myb3-2023-kazakhstan.xlsx,,,,
Kazakhstan,2020,16000,e,2023,refined_secondary,Lead > Refinery > Secondary,"Metric tons, gross weight, unless otherwise specified",metric_tonnes,3,myb3-2023-kazakhstan.xlsx,,,,
Kazakhstan,2021,14000,e,2023,refined_secondary,Lead > Refinery > Secondary,"Metric tons, gross weight, unless otherwise specified",metric_tonnes,3,myb3-2023-kazakhstan.xlsx,,,,
Kazakhstan,2022,16000,,2023,refined_secondary,Lead > Refinery > Secondary,"Metric tons, gross weight, unless otherwise specified",metric_tonnes,2,myb3-2023-kazakhstan.xlsx,,,,
Kazakhstan,2023,16000,e,2023,refined_secondary,Lead > Refinery > Secondary,"Metric tons, gross weight, unless otherwise specified",metric_tonnes,1,myb3-2023-kazakhstan.xlsx,,,,
Kenya,2015,1100,,2019,refined_secondary,"Lead, refinery, secondary",kilograms,converted_from_kg,3,myb3-2019-kenya.xlsx,,,,
Kenya,2016,1100,,2019,refined_secondary,"Lead, refinery, secondary",kilograms,converted_from_kg,3,myb3-2019-kenya.xlsx,,,,
Kenya,2017,10000,r,2020,refined_secondary,"Lead, refinery, secondary",kilograms,converted_from_kg,3,myb3-2020-21-Kenya_-advrel.xlsx,,,,
Kenya,2018,12000,,2022,refined_secondary,"Lead, refinery, secondary",kilograms,converted_from_kg,4,myb3-2022-Kenya-ert.xlsx,,,,
Kenya,2019,11000,,2022,refined_secondary,"Lead, refinery, secondary",kilograms,converted_from_kg,3,myb3-2022-Kenya-ert.xlsx,,,,
Kenya,2020,6500,,2022,refined_secondary,"Lead, refinery, secondary",kilograms,converted_from_kg,2,myb3-2022-Kenya-ert.xlsx,,,,
Kenya,2021,4300,,2022,refined_secondary,"Lead, refinery, secondary",kilograms,converted_from_kg,2,myb3-2022-Kenya-ert.xlsx,,,,
Kenya,2022,4300,,2022,refined_secondary,"Lead, refinery, secondary",kilograms,converted_from_kg,1,myb3-2022-Kenya-ert.xlsx,,,,
Lebanon,2015,10600,,2019,refined_secondary,"Lead, refinery, secondary",kilograms,converted_from_kg,4,myb3-2019-lebanon.xlsx,,,,
Lebanon,2016,11300,,2019,refined_secondary,"Lead, refinery, secondary",kilograms,converted_from_kg,3,myb3-2019-lebanon.xlsx,,,,
Lebanon,2017,11900,,2020,refined_secondary,"Lead, refinery, secondary",kilograms,converted_from_kg,3,myb3-2020-21-lebanon.xlsx,,,,
Lebanon,2018,8300,r,2022,refined_secondary,"Lead, refinery, secondary",kilograms,converted_from_kg,4,myb3-2022-Lebanon-advrel_0.xlsx,,,,
Lebanon,2019,26200,r,2022,refined_secondary,"Lead, refinery, secondary",kilograms,converted_from_kg,3,myb3-2022-Lebanon-advrel_0.xlsx,,,,
Lebanon,2020,22400,r,2022,refined_secondary,"Lead, refinery, secondary",kilograms,converted_from_kg,2,myb3-2022-Lebanon-advrel_0.xlsx,,,,
Lebanon,2021,28200,r,2022,refined_secondary,"Lead, refinery, secondary",kilograms,converted_from_kg,2,myb3-2022-Lebanon-advrel_0.xlsx,,,,
Lebanon,2022,26300,,2022,refined_secondary,"Lead, refinery, secondary",kilograms,converted_from_kg,1,myb3-2022-Lebanon-advrel_0.xlsx,,,,
Mexico,2015,230000,e,2019,refined_secondary,Lead > Refinery > Secondary,"Metric tons, gross weight, unless otherwise specified",metric_tonnes,4,myb3-2019-mexico.xlsx,,,,
Mexico,2016,230000,,2019,refined_secondary,Lead > Refinery > Secondary,"Metric tons, gross weight, unless otherwise specified",metric_tonnes,3,myb3-2019-mexico.xlsx,,,,
Mexico,2017,230000,e,2020,refined_secondary,Lead > Refinery > Secondary,"Metric tons, gross weight, unless otherwise specified",metric_tonnes,3,myb3-2020-21-mexico.xlsx,,,,
Mexico,2018,330000,e,2022,refined_secondary,Lead > Refinery > Secondary,"Metric tons, gross weight, unless otherwise specified",metric_tonnes,4,myb3-2022-mexico.xlsx,,,,
Mexico,2019,328000,,2022,refined_secondary,Lead > Refinery > Secondary,"Metric tons, gross weight, unless otherwise specified",metric_tonnes,3,myb3-2022-mexico.xlsx,,,,
Mexico,2020,300000,e,2022,refined_secondary,Lead > Refinery > Secondary,"Metric tons, gross weight, unless otherwise specified",metric_tonnes,2,myb3-2022-mexico.xlsx,,,,
Mexico,2021,300000,,2022,refined_secondary,Lead > Refinery > Secondary,"Metric tons, gross weight, unless otherwise specified",metric_tonnes,2,myb3-2022-mexico.xlsx,,,,
Mexico,2022,310000,,2022,refined_secondary,Lead > Refinery > Secondary,"Metric tons, gross weight, unless otherwise specified",metric_tonnes,1,myb3-2022-mexico.xlsx,,,,
Mozambique,2015,2310,,2019,refined_secondary,"Lead, refinery, secondary",kilograms,converted_from_kg,3,myb3-2019-mozambique.xlsx,,,,2310000
Mozambique,2016,2490,,2019,refined_secondary,"Lead, refinery, secondary",kilograms,converted_from_kg,3,myb3-2019-mozambique.xlsx,,,,2490000
Mozambique,2017,3830,,2020,refined_secondary,"Lead, refinery, secondary",kilograms,converted_from_kg,3,myb3-2020-21-Mozambique-advrel.xlsx,,,,3830000
Mozambique,2018,3420,,2020,refined_secondary,"Lead, refinery, secondary",kilograms,converted_from_kg,3,myb3-2020-21-Mozambique-advrel.xlsx,,,,3420000
Mozambique,2019,3940,,2020,refined_secondary,"Lead, refinery, secondary",kilograms,converted_from_kg,2,myb3-2020-21-Mozambique-advrel.xlsx,,,,3940000
Mozambique,2020,4200,,2020,refined_secondary,"Lead, refinery, secondary",kilograms,converted_from_kg,1,myb3-2020-21-Mozambique-advrel.xlsx,,,,4200000
Mozambique,2021,4590,,2020,refined_secondary,"Lead, refinery, secondary",kilograms,converted_from_kg,1,myb3-2020-21-Mozambique-advrel.xlsx,,,,4590000
Netherlands,2015,30000,,2019,refined_secondary,"Lead, refinery, secondary",thousand metric tons,kept_as_mt_mislabelled_thousands,4,myb3-2019-netherlands.xlsx,,,,
Netherlands,2016,33000,,2019,refined_secondary,"Lead, refinery, secondary",thousand metric tons,kept_as_mt_mislabelled_thousands,3,myb3-2019-netherlands.xlsx,,,,
Netherlands,2017,36000,,2020,refined_secondary,"Lead, refinery, secondary",thousand metric tons,kept_as_mt_mislabelled_thousands,3,myb3-2020-21-Netherlands-advrel.xlsx,,,,
Netherlands,2018,36000,,2022,refined_secondary,"Lead, refinery, secondary",thousand metric tons,kept_as_mt_mislabelled_thousands,4,myb3-2022-Netherlands-ert.xlsx,,,,
Netherlands,2019,36000,,2022,refined_secondary,"Lead, refinery, secondary",thousand metric tons,kept_as_mt_mislabelled_thousands,3,myb3-2022-Netherlands-ert.xlsx,,,,
Netherlands,2020,34000,,2022,refined_secondary,"Lead, refinery, secondary",thousand metric tons,kept_as_mt_mislabelled_thousands,2,myb3-2022-Netherlands-ert.xlsx,,,,
Netherlands,2021,36000,,2022,refined_secondary,"Lead, refinery, secondary",thousand metric tons,kept_as_mt_mislabelled_thousands,2,myb3-2022-Netherlands-ert.xlsx,,,,
Netherlands,2022,36000,,2022,refined_secondary,"Lead, refinery, secondary",thousand metric tons,kept_as_mt_mislabelled_thousands,1,myb3-2022-Netherlands-ert.xlsx,,,,
Nigeria,2015,2000,e,2019,refined_secondary,"Lead > Refinery, secondary","Metric tons, gross weight, unless otherwise specified",metric_tonnes,3,myb3-2019-nigeria.xlsx,,,,
Nigeria,2016,9000,e,2019,refined_secondary,"Lead > Refinery, secondary","Metric tons, gross weight, unless otherwise specified",metric_tonnes,3,myb3-2019-nigeria.xlsx,,,,
Nigeria,2017,8300,,2020,refined_secondary,"Lead > Refinery, secondary","Metric tons, gross weight, unless otherwise specified",metric_tonnes,3,myb3-2020-21-Nigeria-advrel.xlsx,,,,
Nigeria,2018,6000,e,2020,refined_secondary,"Lead > Refinery, secondary","Metric tons, gross weight, unless otherwise specified",metric_tonnes,3,myb3-2020-21-Nigeria-advrel.xlsx,,,,
Nigeria,2019,12000,e,2020,refined_secondary,"Lead > Refinery, secondary","Metric tons, gross weight, unless otherwise specified",metric_tonnes,2,myb3-2020-21-Nigeria-advrel.xlsx,,,,
Nigeria,2020,12000,e,2020,refined_secondary,"Lead > Refinery, secondary","Metric tons, gross weight, unless otherwise specified",metric_tonnes,1,myb3-2020-21-Nigeria-advrel.xlsx,,,,
Nigeria,2021,25000,,2020,refined_secondary,"Lead > Refinery, secondary","Metric tons, gross weight, unless otherwise specified",metric_tonnes,1,myb3-2020-21-Nigeria-advrel.xlsx,,,,
Oman,2018,10000,,2022,refined_secondary,"Lead, refinery, secondary",metric tons,metric_tonnes,1,myb3-2022-Oman-advrel.xlsx,,,,
Oman,2019,10000,,2022,refined_secondary,"Lead, refinery, secondary",metric tons,metric_tonnes,1,myb3-2022-Oman-advrel.xlsx,,,,
Oman,2020,9000,,2022,refined_secondary,"Lead, refinery, secondary",metric tons,metric_tonnes,1,myb3-2022-Oman-advrel.xlsx,,,,
Oman,2021,10000,e,2022,refined_secondary,"Lead, refinery, secondary",metric tons,metric_tonnes,1,myb3-2022-Oman-advrel.xlsx,,,,
Oman,2022,10000,e,2022,refined_secondary,"Lead, refinery, secondary",metric tons,metric_tonnes,1,myb3-2022-Oman-advrel.xlsx,,,,
Pakistan,2015,5000,r,2017,refined_secondary,"Lead > Refinery, secondary","Metric tons, gross weight, unless otherwise specified",metric_tonnes,2,myb3-2017-18-pk.xls,,,,
Pakistan,2016,8000,r,2017,refined_secondary,"Lead > Refinery, secondary","Metric tons, gross weight, unless otherwise specified",metric_tonnes,2,myb3-2017-18-pk.xls,,,,
Pakistan,2017,1000,,2017,refined_secondary,"Lead > Refinery, secondary","Metric tons, gross weight, unless otherwise specified",metric_tonnes,1,myb3-2017-18-pk.xls,,,,
Pakistan,2018,1000,,2017,refined_secondary,"Lead > Refinery, secondary","Metric tons, gross weight, unless otherwise specified",metric_tonnes,1,myb3-2017-18-pk.xls,,,,
Peru,2017,15000,,2020,refined_secondary,"Lead > Refinery, secondary","Metric tons, gross weight, unless otherwise specified",metric_tonnes,1,myb3-2020-21-Peru-advrel.xlsx,,,,
Peru,2018,15000,,2020,refined_secondary,"Lead > Refinery, secondary","Metric tons, gross weight, unless otherwise specified",metric_tonnes,1,myb3-2020-21-Peru-advrel.xlsx,,,,
Peru,2019,15000,,2020,refined_secondary,"Lead > Refinery, secondary","Metric tons, gross weight, unless otherwise specified",metric_tonnes,1,myb3-2020-21-Peru-advrel.xlsx,,,,
Peru,2020,10000,,2020,refined_secondary,"Lead > Refinery, secondary","Metric tons, gross weight, unless otherwise specified",metric_tonnes,1,myb3-2020-21-Peru-advrel.xlsx,,,,
Peru,2021,13000,,2020,refined_secondary,"Lead > Refinery, secondary","Metric tons, gross weight, unless otherwise specified",metric_tonnes,1,myb3-2020-21-Peru-advrel.xlsx,,,,
Philippines,2015,28000,,2017,refined_secondary,"Lead, refinery, secondary",kilograms,converted_from_kg,3,myb3-2017-18-philippines.xlsx,,,,
Philippines,2016,14000,r,2017,refined_secondary,"Lead, refinery, secondary",kilograms,converted_from_kg,2,myb3-2017-18-philippines.xlsx,,,,
Philippines,2017,10000,,2020,refined_secondary,"Lead, refinery, secondary",kilograms,converted_from_kg,3,myb3-2020-21-philippines.xlsx,,,,
Philippines,2018,10000,,2022,refined_secondary,"Lead, refinery, secondary",kilograms,converted_from_kg,4,myb3-2022-philippines.xlsx,,,,
Philippines,2019,10000,,2022,refined_secondary,"Lead, refinery, secondary",kilograms,converted_from_kg,3,myb3-2022-philippines.xlsx,,,,
Philippines,2020,10000,,2022,refined_secondary,"Lead, refinery, secondary",kilograms,converted_from_kg,3,myb3-2022-philippines.xlsx,,,,
Philippines,2021,9800,,2022,refined_secondary,"Lead, refinery, secondary",kilograms,converted_from_kg,3,myb3-2022-philippines.xlsx,,,,
Philippines,2022,11000,,2022,refined_secondary,"Lead, refinery, secondary",kilograms,converted_from_kg,1,myb3-2022-philippines.xlsx,,,,
Poland,2015,114000,,2019,refined_secondary,Lead > Refinery > Secondary,"Metric tons, gross weight, unless otherwise specified",metric_tonnes,3,myb3-2019-poland.xlsx,,,,
Poland,2016,115000,,2019,refined_secondary,Lead > Refinery > Secondary,"Metric tons, gross weight, unless otherwise specified",metric_tonnes,2,myb3-2019-poland.xlsx,,,,
Poland,2017,119000,,2020,refined_secondary,Lead > Refinery > Secondary,"Metric tons, gross weight, unless otherwise specified",metric_tonnes,3,myb3-2020-21-Poland-advrel.xlsx,,,,
Poland,2018,120000,,2022,refined_secondary,Lead > Refinery > Secondary,"Metric tons, gross weight, unless otherwise specified",metric_tonnes,4,myb3-2022-Poland-ert.xlsx,,,,
Poland,2019,114000,,2022,refined_secondary,Lead > Refinery > Secondary,"Metric tons, gross weight, unless otherwise specified",metric_tonnes,3,myb3-2022-Poland-ert.xlsx,,,,
Poland,2020,99400,,2022,refined_secondary,Lead > Refinery > Secondary,"Metric tons, gross weight, unless otherwise specified",metric_tonnes,2,myb3-2022-Poland-ert.xlsx,,,,
Poland,2021,119000,,2022,refined_secondary,Lead > Refinery > Secondary,"Metric tons, gross weight, unless otherwise specified",metric_tonnes,2,myb3-2022-Poland-ert.xlsx,,,,
Poland,2022,118000,,2022,refined_secondary,Lead > Refinery > Secondary,"Metric tons, gross weight, unless otherwise specified",metric_tonnes,1,myb3-2022-Poland-ert.xlsx,,,,
Portugal,2015,5000,,2016,refined_secondary,"Lead, refinery production, secondary",thousand metric tons,kept_as_mt_mislabelled_thousands,2,myb3-2016-por.xlsx,,,,
Portugal,2016,5000,,2016,refined_secondary,"Lead, refinery production, secondary",thousand metric tons,kept_as_mt_mislabelled_thousands,1,myb3-2016-por.xlsx,,,,
Portugal,2017,10000,,2020,refined_secondary,"Lead > Refinery, secondary","Metric tons, gross weight, unless otherwise specified",metric_tonnes,1,myb3-2020-21-Portugal-advrel.xlsx,,,,
Portugal,2018,9000,,2022,refined_secondary,"Lead > Refinery, secondary","Metric tons, gross weight, unless otherwise specified",metric_tonnes,2,myb3-2022-Portugal-ert.xlsx,,,,
Portugal,2019,10000,,2022,refined_secondary,"Lead > Refinery, secondary","Metric tons, gross weight, unless otherwise specified",metric_tonnes,2,myb3-2022-Portugal-ert.xlsx,,,,
Portugal,2020,9000,e,2022,refined_secondary,"Lead > Refinery, secondary","Metric tons, gross weight, unless otherwise specified",metric_tonnes,2,myb3-2022-Portugal-ert.xlsx,,,,
Portugal,2021,10000,,2022,refined_secondary,"Lead > Refinery, secondary","Metric tons, gross weight, unless otherwise specified",metric_tonnes,2,myb3-2022-Portugal-ert.xlsx,,,,
Portugal,2022,10000,,2022,refined_secondary,"Lead > Refinery, secondary","Metric tons, gross weight, unless otherwise specified",metric_tonnes,1,myb3-2022-Portugal-ert.xlsx,,,,
Republic Of Korea,2015,350000,,2019,refined_secondary,Lead > Refinery > Secondary,"Metric tons, gross weight, unless otherwise specified",metric_tonnes,3,myb3-2019-south-korea.xlsx,,,,
Republic Of Korea,2016,390000,,2019,refined_secondary,Lead > Refinery > Secondary,"Metric tons, gross weight, unless otherwise specified",metric_tonnes,3,myb3-2019-south-korea.xlsx,,,,
Republic Of Korea,2017,380000,,2019,refined_secondary,Lead > Refinery > Secondary,"Metric tons, gross weight, unless otherwise specified",metric_tonnes,2,myb3-2019-south-korea.xlsx,,,,
Republic Of Korea,2018,390000,,2019,refined_secondary,Lead > Refinery > Secondary,"Metric tons, gross weight, unless otherwise specified",metric_tonnes,2,myb3-2019-south-korea.xlsx,,,,
Republic Of Korea,2019,390000,,2019,refined_secondary,Lead > Refinery > Secondary,"Metric tons, gross weight, unless otherwise specified",metric_tonnes,1,myb3-2019-south-korea.xlsx,,,,
Romania,2015,13000,,2015,refined_secondary,"Lead, refined > Secondary",Metric tons unless otherwise specified,metric_tonnes,2,myb3-2015-rom.xls,,,,
Romania,2016,11000,,,refined_secondary,"Lead, refinery production > Secondary","Metric tons, gross weight, unless otherwise specified",metric_tonnes,1,myb3-216-ro.xlsx,,,,
Romania,2017,18000,,2020,refined_secondary,"Lead, refinery, secondary",thousand metric tons,kept_as_mt_mislabelled_thousands,1,myb3-2020-21-Romania-advrel.xlsx,,,,
Romania,2018,15000,,2022,refined_secondary,"Lead, refinery, secondary",thousand metric tons,kept_as_mt_mislabelled_thousands,2,myb3-2022-Romania-adv.xlsx,,,,
Romania,2019,16000,,2022,refined_secondary,"Lead, refinery, secondary",thousand metric tons,kept_as_mt_mislabelled_thousands,2,myb3-2022-Romania-adv.xlsx,,,,
Romania,2020,15000,,2022,refined_secondary,"Lead, refinery, secondary",thousand metric tons,kept_as_mt_mislabelled_thousands,2,myb3-2022-Romania-adv.xlsx,,,,
Romania,2021,13000,,2022,refined_secondary,"Lead, refinery, secondary",thousand metric tons,kept_as_mt_mislabelled_thousands,2,myb3-2022-Romania-adv.xlsx,,,,
Romania,2022,13000,,2022,refined_secondary,"Lead, refinery, secondary",thousand metric tons,kept_as_mt_mislabelled_thousands,1,myb3-2022-Romania-adv.xlsx,,,,
Russia,2015,106000,,2019,refined_secondary,"Lead > Refinery, primary and secondary","Metric tons, gross weight, unless otherwise specified",metric_tonnes,4,myb3-2019-russia.xlsx,,,,
Russia,2016,130000,,2019,refined_secondary,"Lead > Refinery, primary and secondary","Metric tons, gross weight, unless otherwise specified",metric_tonnes,3,myb3-2019-russia.xlsx,,,,
Russia,2017,140000,r,2020,refined_secondary,"Lead > Refinery, primary and secondary","Metric tons, gross weight, unless otherwise specified",metric_tonnes,3,myb3-2020-21-russia.xlsx,,,,
Russia,2018,140000,,2022,refined_secondary,"Lead > Refinery, primary and secondary","Metric tons, gross weight, unless otherwise specified",metric_tonnes,4,myb3-2022-russia.xlsx,,,,
Russia,2019,141000,,2022,refined_secondary,"Lead > Refinery, primary and secondary","Metric tons, gross weight, unless otherwise specified",metric_tonnes,3,myb3-2022-russia.xlsx,,,,
Russia,2020,142000,,2022,refined_secondary,"Lead > Refinery, primary and secondary","Metric tons, gross weight, unless otherwise specified",metric_tonnes,2,myb3-2022-russia.xlsx,,,,
Russia,2021,152800,r,2022,refined_secondary,"Lead > Refinery, primary and secondary","Metric tons, gross weight, unless otherwise specified",metric_tonnes,2,myb3-2022-russia.xlsx,,,,
Russia,2022,121600,,2022,refined_secondary,"Lead > Refinery, primary and secondary","Metric tons, gross weight, unless otherwise specified",metric_tonnes,1,myb3-2022-russia.xlsx,,,,
Saudi Arabia,2015,37000,e,2019,smelter_secondary,"Lead, smelter, secondary",metric tons,metric_tonnes,2,myb3-2019-saudi-arabia.xlsx,,,,
Saudi Arabia,2016,50000,e,2019,smelter_secondary,"Lead, smelter, secondary",metric tons,metric_tonnes,2,myb3-2019-saudi-arabia.xlsx,,,,
Saudi Arabia,2017,82000,,2020,smelter_secondary,"Lead, smelter, secondary",metric tons,metric_tonnes,3,myb3-2020-21-saudi-arabia.xlsx,,,,
Saudi Arabia,2018,68000,,2022,smelter_secondary,"Lead, smelter, secondary",metric tons,metric_tonnes,4,myb3-2022-saudi-arabia.xlsx,,,,
Saudi Arabia,2019,68000,,2023,smelter_secondary,"Lead, smelter, secondary",metric tons,metric_tonnes,4,myb3-2023-saudi-arabia.xlsx,,,,
Saudi Arabia,2020,68000,,2023,smelter_secondary,"Lead, smelter, secondary",metric tons,metric_tonnes,3,myb3-2023-saudi-arabia.xlsx,,,,
Saudi Arabia,2021,75600,,2023,smelter_secondary,"Lead, smelter, secondary",metric tons,metric_tonnes,3,myb3-2023-saudi-arabia.xlsx,,,,
Saudi Arabia,2022,75600,,2023,smelter_secondary,"Lead, smelter, secondary",metric tons,metric_tonnes,2,myb3-2023-saudi-arabia.xlsx,,,,
Saudi Arabia,2023,78000,,2023,smelter_secondary,"Lead, smelter, secondary",metric tons,metric_tonnes,1,myb3-2023-saudi-arabia.xlsx,,,,
Senegal,2015,1857,,2019,refined_secondary,"Lead, refinery, secondary",metric tons,metric_tonnes,4,myb3-2019-senegal.xlsx,,,,
Senegal,2016,3576,,2019,refined_secondary,"Lead, refinery, secondary",metric tons,metric_tonnes,3,myb3-2019-senegal.xlsx,,,,
Senegal,2017,3424,,2020,refined_secondary,"Lead, refinery, secondary",metric tons,metric_tonnes,3,myb3-2020-21-Senegal--ert.xlsx,,,,
Senegal,2018,3693,,2020,refined_secondary,"Lead, refinery, secondary",metric tons,metric_tonnes,3,myb3-2020-21-Senegal--ert.xlsx,,,,
Senegal,2019,4121,,2020,refined_secondary,"Lead, refinery, secondary",metric tons,metric_tonnes,2,myb3-2020-21-Senegal--ert.xlsx,,,,
Senegal,2020,4223,,2020,refined_secondary,"Lead, refinery, secondary",metric tons,metric_tonnes,1,myb3-2020-21-Senegal--ert.xlsx,,,,
Senegal,2021,4200,e,2020,refined_secondary,"Lead, refinery, secondary",metric tons,metric_tonnes,1,myb3-2020-21-Senegal--ert.xlsx,,,,
Serbia,2015,15000,e,2019,refined_secondary,"Lead > Refinery, primary and secondary","Metric tons, gross weight, unless otherwise specified",metric_tonnes,3,myb3-2019-serbia.xlsx,,,,
Serbia,2016,15000,e,2019,refined_secondary,"Lead > Refinery, primary and secondary","Metric tons, gross weight, unless otherwise specified",metric_tonnes,3,myb3-2019-serbia.xlsx,,,,
Serbia,2017,15000,e,2020,refined_secondary,"Lead > Refinery, primary and secondary","Metric tons, gross weight, unless otherwise specified",metric_tonnes,3,myb3-2020-21-Serbia-advrel.xlsx,,,,
Serbia,2018,15000,,2022,refined_secondary,"Lead > Refinery, primary and secondary","Metric tons, gross weight, unless otherwise specified",metric_tonnes,4,myb3-2022-Serbia-ert.xlsx,,,,
Serbia,2019,16000,,2022,refined_secondary,"Lead > Refinery, primary and secondary","Metric tons, gross weight, unless otherwise specified",metric_tonnes,3,myb3-2022-Serbia-ert.xlsx,,,,
Serbia,2020,14000,,2022,refined_secondary,"Lead > Refinery, primary and secondary","Metric tons, gross weight, unless otherwise specified",metric_tonnes,2,myb3-2022-Serbia-ert.xlsx,,,,
Serbia,2021,15000,r,2022,refined_secondary,"Lead > Refinery, primary and secondary","Metric tons, gross weight, unless otherwise specified",metric_tonnes,2,myb3-2022-Serbia-ert.xlsx,,,,
Serbia,2022,16000,,2022,refined_secondary,"Lead > Refinery, primary and secondary","Metric tons, gross weight, unless otherwise specified",metric_tonnes,1,myb3-2022-Serbia-ert.xlsx,,,,
Slovenia,2015,12000,,2019,refined_secondary,"Lead, refinery, secondary","Metric tons, gross weight, unless otherwise specified",metric_tonnes,4,myb3-2019-slovenia.xlsx,,,,
Slovenia,2016,12000,,2019,refined_secondary,"Lead, refinery, secondary","Metric tons, gross weight, unless otherwise specified",metric_tonnes,3,myb3-2019-slovenia.xlsx,,,,
Slovenia,2017,12000,,2020,refined_secondary,"Lead, refinery, secondary","Metric tons, gross weight, unless otherwise specified",metric_tonnes,3,myb3-2020-21-Slovenia-advrel.xlsx,,,,
Slovenia,2018,12000,,2022,refined_secondary,"Lead, refinery, secondary","Metric tons, gross weight, unless otherwise specified",metric_tonnes,4,myb3-2022-Slovenia-ert.xlsx,,,,
Slovenia,2019,12000,,2022,refined_secondary,"Lead, refinery, secondary","Metric tons, gross weight, unless otherwise specified",metric_tonnes,3,myb3-2022-Slovenia-ert.xlsx,,,,
Slovenia,2020,11000,,2022,refined_secondary,"Lead, refinery, secondary","Metric tons, gross weight, unless otherwise specified",metric_tonnes,2,myb3-2022-Slovenia-ert.xlsx,,,,
Slovenia,2021,12000,,2022,refined_secondary,"Lead, refinery, secondary","Metric tons, gross weight, unless otherwise specified",metric_tonnes,2,myb3-2022-Slovenia-ert.xlsx,,,,
Slovenia,2022,12000,,2022,refined_secondary,"Lead, refinery, secondary","Metric tons, gross weight, unless otherwise specified",metric_tonnes,1,myb3-2022-Slovenia-ert.xlsx,,,,
South Africa,2015,52000,,2019,refined_secondary,"Lead > Refinery, secondary","Metric tons, gross weight, unless otherwise specified",metric_tonnes,4,myb3-2019-south-africa.xlsx,,,,
South Africa,2016,54000,,2019,refined_secondary,"Lead > Refinery, secondary","Metric tons, gross weight, unless otherwise specified",metric_tonnes,3,myb3-2019-south-africa.xlsx,,,,
South Africa,2017,54000,,2020,refined_secondary,"Lead > Refinery, secondary","Metric tons, gross weight unless otherwise specified",metric_tonnes,3,myb3-2020-21-south-africa.xlsx,,,,
South Africa,2018,56000,e,2022,refined_secondary,"Lead > Refinery, secondary","Metric tons, gross weight, unless otherwise specified",metric_tonnes,4,myb3-2022-south-africa (2).xlsx,,,,
South Africa,2019,56000,e,2022,refined_secondary,"Lead > Refinery, secondary","Metric tons, gross weight, unless otherwise specified",metric_tonnes,3,myb3-2022-south-africa (2).xlsx,,,,
South Africa,2020,55000,e,2022,refined_secondary,"Lead > Refinery, secondary","Metric tons, gross weight, unless otherwise specified",metric_tonnes,2,myb3-2022-south-africa (2).xlsx,,,,
South Africa,2021,56000,,2022,refined_secondary,"Lead > Refinery, secondary","Metric tons, gross weight, unless otherwise specified",metric_tonnes,2,myb3-2022-south-africa (2).xlsx,,,,
South Africa,2022,58000,,2022,refined_secondary,"Lead > Refinery, secondary","Metric tons, gross weight, unless otherwise specified",metric_tonnes,1,myb3-2022-south-africa (2).xlsx,,,,
Spain,2015,165000,,2019,refined_secondary,"Lead > Refinery, secondary","Metric tons, gross weight, unless otherwise specified",metric_tonnes,3,myb3-2019-spain.xlsx,,,,
Spain,2016,169000,r,2019,refined_secondary,"Lead > Refinery, secondary","Metric tons, gross weight, unless otherwise specified",metric_tonnes,2,myb3-2019-spain.xlsx,,,,
Spain,2017,188000,,2020,refined_secondary,"Lead > Refinery, secondary","Metric tons, gross weight, unless otherwise specified",metric_tonnes,2,myb3-2020-21-Spain-advrel.xlsx,,,,
Spain,2018,190000,e,2022,refined_secondary,"Lead > Refinery, secondary","Metric tons, gross weight, unless otherwise specified",metric_tonnes,3,myb3-2022-Spain-ert.xlsx,,,,
Spain,2019,192000,,2022,refined_secondary,"Lead > Refinery, secondary","Metric tons, gross weight, unless otherwise specified",metric_tonnes,3,myb3-2022-Spain-ert.xlsx,,,,
Spain,2020,175000,,2022,refined_secondary,"Lead > Refinery, secondary","Metric tons, gross weight, unless otherwise specified",metric_tonnes,3,myb3-2022-Spain-ert.xlsx,,,,
Spain,2021,192000,,2022,refined_secondary,"Lead > Refinery, secondary","Metric tons, gross weight, unless otherwise specified",metric_tonnes,2,myb3-2022-Spain-ert.xlsx,,,,
Spain,2022,192000,,2022,refined_secondary,"Lead > Refinery, secondary","Metric tons, gross weight, unless otherwise specified",metric_tonnes,1,myb3-2022-Spain-ert.xlsx,,,,
Sri Lanka,2015,3000,r,2019,refined_secondary,"Lead, refinery, secondary","Metric tons, gross weight, unless otherwise specified",metric_tonnes,3,myb3-2019-sri-lanka.xlsx,,,,
Sri Lanka,2016,2900,r,2019,refined_secondary,"Lead, refinery, secondary","Metric tons, gross weight, unless otherwise specified",metric_tonnes,2,myb3-2019-sri-lanka.xlsx,,,,
Sri Lanka,2017,4400,r,2020,refined_secondary,"Lead, refinery, secondary","Metric tons, gross weight, unless otherwise specified",metric_tonnes,2,myb3-2020-21-sri-lanka.xlsx,,,,
Sri Lanka,2018,6600,r,2022,refined_secondary,"Lead, refinery, secondary","Metric tons, gross weight, unless otherwise specified",metric_tonnes,3,myb3-2022-Sri_Lanka-adv.xlsx,,,,
Sri Lanka,2019,7600,r,2022,refined_secondary,"Lead, refinery, secondary","Metric tons, gross weight, unless otherwise specified",metric_tonnes,3,myb3-2022-Sri_Lanka-adv.xlsx,,,,
Sri Lanka,2020,4100,r,2022,refined_secondary,"Lead, refinery, secondary","Metric tons, gross weight, unless otherwise specified",metric_tonnes,2,myb3-2022-Sri_Lanka-adv.xlsx,,,,
Sri Lanka,2021,7200,r,2022,refined_secondary,"Lead, refinery, secondary","Metric tons, gross weight, unless otherwise specified",metric_tonnes,2,myb3-2022-Sri_Lanka-adv.xlsx,,,,
Sri Lanka,2022,5000,,2022,refined_secondary,"Lead, refinery, secondary","Metric tons, gross weight, unless otherwise specified",metric_tonnes,1,myb3-2022-Sri_Lanka-adv.xlsx,,,,
Sweden,2015,44800,,2019,refined_secondary,Lead > Refinery > Secondary,"Metric tons, gross weight, unless otherwise specified",metric_tonnes,4,myb3-2019-sweden.xlsx,,,,
Sweden,2016,46000,,2019,refined_secondary,Lead > Refinery > Secondary,"Metric tons, gross weight, unless otherwise specified",metric_tonnes,3,myb3-2019-sweden.xlsx,,,,
Sweden,2017,50200,,2020,refined_secondary,Lead > Refinery > Secondary,"Metric tons, gross weight, unless otherwise specified",metric_tonnes,3,myb3-2020-21-Sweden-advrel.xlsx,,,,
Sweden,2018,47200,,2022,refined_secondary,Lead > Refinery > Secondary,"Metric tons, gross weight, unless otherwise specified",metric_tonnes,4,myb3-2022-Sweden-ert.xlsx,,,,
Sweden,2019,49500,,2022,refined_secondary,Lead > Refinery > Secondary,"Metric tons, gross weight, unless otherwise specified",metric_tonnes,3,myb3-2022-Sweden-ert.xlsx,,,,
Sweden,2020,46500,,2022,refined_secondary,Lead > Refinery > Secondary,"Metric tons, gross weight, unless otherwise specified",metric_tonnes,2,myb3-2022-Sweden-ert.xlsx,,,,
Sweden,2021,47200,,2022,refined_secondary,Lead > Refinery > Secondary,"Metric tons, gross weight, unless otherwise specified",metric_tonnes,2,myb3-2022-Sweden-ert.xlsx,,,,
Sweden,2022,42000,,2022,refined_secondary,Lead > Refinery > Secondary,"Metric tons, gross weight, unless otherwise specified",metric_tonnes,1,myb3-2022-Sweden-ert.xlsx,,,,
Taiwan,2015,46000,,2019,refined_secondary,"Lead, refinery, secondary",thousand metric tons,kept_as_mt_mislabelled_thousands,3,myb3-2019-taiwan.xlsx,,,,
Taiwan,2016,48000,,2019,refined_secondary,"Lead, refinery, secondary",thousand metric tons,kept_as_mt_mislabelled_thousands,3,myb3-2019-taiwan.xlsx,,,,
Taiwan,2017,48000,,2020,refined_secondary,"Lead, refinery, secondary",thousand metric tons,kept_as_mt_mislabelled_thousands,3,myb3-2020-21-taiwan.xlsx,,,,
Taiwan,2018,58000,,2022,refined_secondary,"Lead, refinery, secondary",thousand metric tons,kept_as_mt_mislabelled_thousands,4,myb3-2022-Taiwan-advrel.xlsx,,,,
Taiwan,2019,58000,,2022,refined_secondary,"Lead, refinery, secondary",thousand metric tons,kept_as_mt_mislabelled_thousands,3,myb3-2022-Taiwan-advrel.xlsx,,,,
Taiwan,2020,55000,,2022,refined_secondary,"Lead, refinery, secondary",thousand metric tons,kept_as_mt_mislabelled_thousands,2,myb3-2022-Taiwan-advrel.xlsx,,,,
Taiwan,2021,60000,,2022,refined_secondary,"Lead, refinery, secondary",thousand metric tons,kept_as_mt_mislabelled_thousands,2,myb3-2022-Taiwan-advrel.xlsx,,,,
Taiwan,2022,70000,,2022,refined_secondary,"Lead, refinery, secondary",thousand metric tons,kept_as_mt_mislabelled_thousands,1,myb3-2022-Taiwan-advrel.xlsx,,,,
Tanzania,2020,2770,,2020,refined_secondary,"Lead, refinery, secondary",kilograms,converted_from_kg,1,myb3-2020-21-Tanzania-advrel.xlsx,,,,
Tanzania,2021,2430,,2020,refined_secondary,"Lead, refinery, secondary",kilograms,converted_from_kg,1,myb3-2020-21-Tanzania-advrel.xlsx,,,,
Thailand,2015,86000,,2019,refined_secondary,"Lead, refinery, secondary, lead alloys",thousand metric tons,kept_as_mt_mislabelled_thousands,3,myb3-2019-thailand.xlsx,,,,
Thailand,2016,86000,,2019,refined_secondary,"Lead, refinery, secondary, lead alloys",thousand metric tons,kept_as_mt_mislabelled_thousands,3,myb3-2019-thailand.xlsx,,,,
Thailand,2017,88000,,2020,refined_secondary,"Lead, refinery, secondary",thousand metric tons,kept_as_mt_mislabelled_thousands,3,myb3-2020-21-thailand.xlsx,,,,
Thailand,2018,85000,,2022,refined_secondary,"Lead, refinery, secondary",thousand metric tons,kept_as_mt_mislabelled_thousands,4,myb3-2022-Thailand-ert.xlsx,,,,
Thailand,2019,86000,r,2022,refined_secondary,"Lead, refinery, secondary",thousand metric tons,kept_as_mt_mislabelled_thousands,3,myb3-2022-Thailand-ert.xlsx,,,,
Thailand,2020,80000,,2022,refined_secondary,"Lead, refinery, secondary",thousand metric tons,kept_as_mt_mislabelled_thousands,2,myb3-2022-Thailand-ert.xlsx,,,,
Thailand,2021,86000,r,2022,refined_secondary,"Lead, refinery, secondary",thousand metric tons,kept_as_mt_mislabelled_thousands,2,myb3-2022-Thailand-ert.xlsx,,,,
Thailand,2022,88000,,2022,refined_secondary,"Lead, refinery, secondary",thousand metric tons,kept_as_mt_mislabelled_thousands,1,myb3-2022-Thailand-ert.xlsx,,,,
Turkey,2015,56000,,2019,refined_secondary,"Lead-zinc ore > Concentrate > Refinery, secondary","Metric tons, gross weight, unless otherwise specified",metric_tonnes,3,myb3-2019-turkey.xlsx,,,,
Turkey,2016,58000,,2019,refined_secondary,"Lead-zinc ore > Concentrate > Refinery, secondary","Metric tons, gross weight, unless otherwise specified",metric_tonnes,3,myb3-2019-turkey.xlsx,,,,
Turkey,2017,58000,,2020,refined_secondary,"Lead-zinc ore > Concentrate > Refinery, secondary","Metric tons, gross weight, unless otherwise specified",metric_tonnes,3,myb3-2020-21-Turkey-advrel.xlsx,,,,
Turkey,2018,58000,,2022,refined_secondary,"Lead-zinc ore > Concentrate > Refinery, secondary","Metric tons, gross weight, unless otherwise specified",metric_tonnes,4,myb3-2022-Turkey-ert.xlsx,,,,
Turkey,2019,60000,,2022,refined_secondary,"Lead-zinc ore > Concentrate > Refinery, secondary","Metric tons, gross weight, unless otherwise specified",metric_tonnes,3,myb3-2022-Turkey-ert.xlsx,,,,
Turkey,2020,56000,,2022,refined_secondary,"Lead-zinc ore > Concentrate > Refinery, secondary","Metric tons, gross weight, unless otherwise specified",metric_tonnes,2,myb3-2022-Turkey-ert.xlsx,,,,
Turkey,2021,120000,r,2022,refined_secondary,"Lead-zinc ore > Concentrate > Refinery, secondary","Metric tons, gross weight, unless otherwise specified",metric_tonnes,2,myb3-2022-Turkey-ert.xlsx,,,,
Turkey,2022,90000,,2022,refined_secondary,"Lead-zinc ore > Concentrate > Refinery, secondary","Metric tons, gross weight, unless otherwise specified",metric_tonnes,1,myb3-2022-Turkey-ert.xlsx,,,,
Uganda,2015,800,,2019,refined_secondary,"Lead, refinery, secondarye,",kilograms,converted_from_kg,3,myb3-2019-uganda.xlsx,,,,
Uganda,2016,800,,2019,refined_secondary,"Lead, refinery, secondarye,",kilograms,converted_from_kg,3,myb3-2019-uganda.xlsx,,,,
Uganda,2017,800,,2020,refined_secondary,"Lead, refinery, secondarye,",kilograms,converted_from_kg,3,myb3-2020-21-Uganda-advrel.xlsx,,,,
Uganda,2018,800,,2020,refined_secondary,"Lead, refinery, secondarye,",kilograms,converted_from_kg,3,myb3-2020-21-Uganda-advrel.xlsx,,,,
Uganda,2019,800,,2020,refined_secondary,"Lead, refinery, secondarye,",kilograms,converted_from_kg,2,myb3-2020-21-Uganda-advrel.xlsx,,,,
Uganda,2020,800,,2020,refined_secondary,"Lead, refinery, secondarye,",kilograms,converted_from_kg,1,myb3-2020-21-Uganda-advrel.xlsx,,,,
Uganda,2021,800,,2020,refined_secondary,"Lead, refinery, secondarye,",kilograms,converted_from_kg,1,myb3-2020-21-Uganda-advrel.xlsx,,,,
Ukraine,2015,30000,e,2019,refined_secondary,"Lead, refinery, secondary",thousand metric tons,kept_as_mt_mislabelled_thousands,4,myb3-2019-ukraine.xlsx,,,,
Ukraine,2016,28465,,2019,refined_secondary,"Lead, refinery, secondary",thousand metric tons,kept_as_mt_mislabelled_thousands,3,myb3-2019-ukraine.xlsx,,,,
Ukraine,2017,33633,,2020,refined_secondary,"Lead, refinery, secondary",thousand metric tons,kept_as_mt_mislabelled_thousands,3,myb3-2020-21-ukraine.xlsx,,,,
Ukraine,2018,29760,,2022,refined_secondary,"Lead, refinery, secondary",kilograms,converted_from_kg,4,myb3-2022-ukraine.xlsx,,,,
Ukraine,2019,24704,,2023,refined_secondary,"Lead, refinery, secondary",thousand metric tons,kept_as_mt_mislabelled_thousands,4,myb3-2023-ukraine.xlsx,,,,
Ukraine,2020,24649,,2023,refined_secondary,"Lead, refinery, secondary",thousand metric tons,kept_as_mt_mislabelled_thousands,3,myb3-2023-ukraine.xlsx,,,,
Ukraine,2021,25000,e,2023,refined_secondary,"Lead, refinery, secondary",thousand metric tons,kept_as_mt_mislabelled_thousands,3,myb3-2023-ukraine.xlsx,,,,
Ukraine,2022,15000,e,2023,refined_secondary,"Lead, refinery, secondary",thousand metric tons,kept_as_mt_mislabelled_thousands,2,myb3-2023-ukraine.xlsx,,,,
Ukraine,2023,12000,e,2023,refined_secondary,"Lead, refinery, secondary",thousand metric tons,kept_as_mt_mislabelled_thousands,1,myb3-2023-ukraine.xlsx,,,,
United Arab Emirates,2017,25000,,2020,refined_secondary,"Lead, refinery, secondary",metric tons,metric_tonnes,1,myb3-2020-21-united-arab-emirates.xlsx,,,,
United Arab Emirates,2018,25000,,2022,refined_secondary,"Lead, refinery, secondary",metric tons,metric_tonnes,2,myb3-2022-United Arab Emirates-advrel.xlsx,,,,
United Arab Emirates,2019,25000,,2022,refined_secondary,"Lead, refinery, secondary",metric tons,metric_tonnes,2,myb3-2022-United Arab Emirates-advrel.xlsx,,,,
United Arab Emirates,2020,25000,,2022,refined_secondary,"Lead, refinery, secondary",metric tons,metric_tonnes,2,myb3-2022-United Arab Emirates-advrel.xlsx,,,,
United Arab Emirates,2021,25000,,2022,refined_secondary,"Lead, refinery, secondary",metric tons,metric_tonnes,2,myb3-2022-United Arab Emirates-advrel.xlsx,,,,
United Arab Emirates,2022,25000,e,2022,refined_secondary,"Lead, refinery, secondary",metric tons,metric_tonnes,1,myb3-2022-United Arab Emirates-advrel.xlsx,,,,
United Kingdom,2015,158000,,2019,refined_secondary,"Lead, refinery > Secondary","Metric tons, gross weight, unless otherwise specified",metric_tonnes,4,myb3-2019-united-kingdom.xlsx,,,,
United Kingdom,2016,158000,,2019,refined_secondary,"Lead, refinery > Secondary","Metric tons, gross weight, unless otherwise specified",metric_tonnes,3,myb3-2019-united-kingdom.xlsx,,,,
United Kingdom,2017,160000,,2020,refined_secondary,Lead > Refinery > Secondary,"Metric tons, gross weight, unless otherwise specified",metric_tonnes,3,myb3-2020-21-United Kingdom-advrel.xlsx,,,,
United Kingdom,2018,165000,r,2020,refined_secondary,Lead > Refinery > Secondary,"Metric tons, gross weight, unless otherwise specified",metric_tonnes,3,myb3-2020-21-United Kingdom-advrel.xlsx,,,,
United Kingdom,2019,165000,r,2020,refined_secondary,Lead > Refinery > Secondary,"Metric tons, gross weight, unless otherwise specified",metric_tonnes,2,myb3-2020-21-United Kingdom-advrel.xlsx,,,,
United Kingdom,2020,163000,,2020,refined_secondary,Lead > Refinery > Secondary,"Metric tons, gross weight, unless otherwise specified",metric_tonnes,1,myb3-2020-21-United Kingdom-advrel.xlsx,,,,
United Kingdom,2021,164000,,2020,refined_secondary,Lead > Refinery > Secondary,"Metric tons, gross weight, unless otherwise specified",metric_tonnes,1,myb3-2020-21-United Kingdom-advrel.xlsx,,,,
Venezuela,2015,20000,,2019,refined_secondary,"Lead, refinery, secondary",thousand metric tons,converted_from_thousand_t,3,myb3-2019-venezuela.xlsx,,,,
Venezuela,2016,16000,,2019,refined_secondary,"Lead, refinery, secondary",thousand metric tons,converted_from_thousand_t,3,myb3-2019-venezuela.xlsx,,,,
Venezuela,2017,16000,,2020,refined_secondary,"Lead, refinery, secondary",thousand metric tons,converted_from_thousand_t,3,myb3-2020-21-venezuela.xlsx,,,,
Venezuela,2018,9000,,2022,refined_secondary,"Lead, refinery, secondary",thousand metric tons,converted_from_thousand_t,4,myb3-2022-venezuela.xlsx,,,,
Venezuela,2019,20000,r,2022,refined_secondary,"Lead, refinery, secondary",thousand metric tons,converted_from_thousand_t,3,myb3-2022-venezuela.xlsx,,,,
Venezuela,2020,20000,r,2022,refined_secondary,"Lead, refinery, secondary",thousand metric tons,converted_from_thousand_t,2,myb3-2022-venezuela.xlsx,,,,
Venezuela,2021,20000,r,2022,refined_secondary,"Lead, refinery, secondary",thousand metric tons,converted_from_thousand_t,2,myb3-2022-venezuela.xlsx,,,,
Venezuela,2022,20000,,2022,refined_secondary,"Lead, refinery, secondary",thousand metric tons,converted_from_thousand_t,1,myb3-2022-venezuela.xlsx,,,,
